Feat0;Feat1;Feat2;Feat3;Feat4;Feat5;Feat6;Feat7;Feat8;Feat9;Feat10;Feat11;Feat12;Feat13;Feat14;Feat15;Feat16;Feat17;Target
0;1;1;24360;444;-20;-31;0;0;0;0;0;0;0;0;0;0;0;0
0;1;1;32930;271;-16;-7;0;1;0;1;0;0;0;0;0;3000;3000;0
1;1;1;39330;409;6;10;0;6;4;2;0;0;0;0;0;8200;6000;1
1;0;1;394660;1764;-2;8;0;3;1;1;1;0;0;0;0;35900;30000;1
1;1;1;9730;488;-71;-47;1;0;0;0;0;0;0;0;0;0;0;0
0;0;1;28140;443;-6;-14;0;0;0;0;0;0;0;0;0;0;0;0
0;1;1;37520;843;13;57;0;0;0;0;0;0;0;0;0;0;0;0
0;0;1;424650;1069;1;7;0;2;0;2;0;0;0;0;0;6000;4000;0
0;0;0;4580;91;-72;-50;0;1;0;1;0;0;0;0;0;1000;1000;0
1;1;1;18180;609;-47;-36;1;0;0;0;0;0;0;0;0;0;0;0
1;0;1;19990;669;-64;-18;0;0;0;0;0;0;0;0;0;0;0;0
1;1;0;6930;68;-45;-73;0;0;0;0;0;0;0;0;0;0;0;0
1;1;1;7770;300;-57;-33;0;1;0;0;1;0;0;0;0;20000;20000;0
0;0;1;41740;331;37;29;0;2;2;0;0;0;0;0;0;1100;700;0
1;0;1;464220;1808;16;10;0;2;1;0;1;0;0;0;0;40700;40000;0
0;0;1;23400;140;-20;-24;0;3;3;0;0;0;0;0;0;2000;800;0
1;0;1;39100;868;36;10;0;1;0;0;1;0;0;0;0;30000;30000;0
0;0;1;19170;430;-1;29;0;0;0;0;0;0;0;0;0;0;0;0
0;0;0;5480;236;-20;37;0;0;0;0;0;0;0;0;0;0;0;0
1;0;1;11320;514;-15;33;0;0;0;0;0;0;0;0;0;0;0;0
1;0;1;36910;455;6;-18;0;0;0;0;0;0;0;0;0;0;0;0
1;0;1;23710;481;-25;-42;0;0;0;0;0;0;0;0;0;0;0;0
0;0;1;60200;449;32;24;0;5;3;2;0;0;0;0;0;9200;5000;0
0;0;1;65760;772;177;68;0;0;0;0;0;0;0;0;0;0;0;0
0;0;0;2210;34;-64;-51;0;2;1;1;0;0;0;0;0;3400;3000;0
0;1;0;19030;46;20;0;0;1;0;1;0;0;0;0;0;9000;9000;0
1;1;1;40560;1130;82;90;0;2;2;0;0;0;0;0;0;1200;700;0
0;0;0;7090;220;-38;-10;0;0;0;0;0;0;0;0;0;0;0;0
0;0;0;11190;27;4;-32;0;0;0;0;0;0;0;0;0;0;0;0
1;0;1;450060;2019;-33;-2;0;3;0;3;0;0;0;0;0;14000;8000;0
1;1;1;32240;702;77;47;0;0;0;0;0;0;0;0;0;0;0;0
0;1;1;39980;629;14;43;1;2;1;1;0;0;0;0;0;2800;2000;0
0;0;0;950;46;-68;15;0;0;0;0;0;0;0;0;0;0;0;0
0;0;1;446210;1030;-40;-32;0;0;0;0;0;0;0;0;0;0;0;0
1;0;1;29720;368;12;-14;0;1;0;1;0;0;0;0;0;4000;4000;0
1;0;1;20670;376;-25;-10;0;0;0;0;0;0;0;0;0;0;0;0
0;1;0;29560;112;22;103;1;0;0;0;0;0;0;0;0;0;0;0
1;1;1;25450;504;-15;-3;0;0;0;0;0;0;0;0;0;0;0;0
1;1;0;19370;63;-49;-20;1;0;0;0;0;0;0;0;0;0;0;0
0;0;1;19910;568;-42;-3;0;0;0;0;0;0;0;0;0;0;0;0
1;1;1;20890;386;-25;-18;0;0;0;0;0;0;0;0;0;0;0;0
0;1;0;10920;136;58;-16;0;1;1;0;0;0;0;0;0;200;200;0
0;1;1;59840;696;124;7;0;2;1;1;0;0;0;0;0;6300;6000;1
0;1;1;14050;228;-45;-55;0;0;0;0;0;0;0;0;0;0;0;0
0;1;1;18820;396;-45;-28;0;0;0;0;0;0;0;0;0;0;0;1
0;0;1;5710;195;-77;-61;0;0;0;0;0;0;0;0;0;0;0;0
0;0;1;8620;201;-51;-37;0;0;0;0;0;0;0;0;0;0;0;0
0;0;1;26220;707;51;22;0;0;0;0;0;0;0;0;0;0;0;0
0;0;1;67040;785;111;84;0;2;2;0;0;0;0;0;0;1600;900;0
0;0;0;270490;865;83;78;0;0;0;0;0;0;0;0;0;0;0;0
1;0;1;25090;383;78;30;0;0;0;0;0;0;0;0;0;0;0;0
0;0;0;3030;29;15;-28;0;0;0;0;0;0;0;0;0;0;0;0
0;0;0;5400;39;2;-2;0;0;0;0;0;0;0;0;0;0;0;0
0;1;1;36230;822;177;151;1;1;0;1;0;0;0;0;0;8000;8000;0
0;0;0;3610;154;-67;-55;0;0;0;0;0;0;0;0;0;0;0;0
1;1;1;30220;592;6;-6;1;1;1;0;0;0;0;0;0;100;100;0
0;0;1;27740;423;-13;-34;0;0;0;0;0;0;0;0;0;0;0;0
1;0;1;151660;900;-25;-33;0;7;2;3;2;0;0;0;0;67700;30000;0
0;0;0;6500;67;-87;-87;0;0;0;0;0;0;0;0;0;0;0;0
1;0;1;229070;2597;30;51;0;2;0;0;2;0;0;0;0;100000;80000;0
1;0;1;14050;271;-3;2;0;1;0;0;0;1;0;0;0;300000;300000;0
0;2;0;33530;747;338;215;2;1;0;1;0;0;0;0;0;1000;1000;0
1;0;1;26860;282;-46;-44;0;2;0;2;0;0;0;0;0;5000;3000;0
0;0;0;3410;16;-66;-60;0;0;0;0;0;0;0;0;0;0;0;0
0;0;1;514800;1369;95;94;0;7;4;2;1;0;0;0;0;15700;10000;0
0;1;1;35450;567;6;8;0;2;2;0;0;0;0;0;0;600;500;1
0;0;0;1560;15;-48;-62;0;0;0;0;0;0;0;0;0;0;0;0
0;0;1;25680;515;-14;2;0;0;0;0;0;0;0;0;0;0;0;0
0;2;1;54500;757;35;19;2;0;0;0;0;0;0;0;0;0;0;0
0;1;1;150220;709;53;-25;0;2;0;1;1;0;0;0;0;23000;20000;0
0;0;0;5640;193;-48;0;0;0;0;0;0;0;0;0;0;0;0;0
0;0;0;59210;175;-54;-61;0;0;0;0;0;0;0;0;0;0;0;0
0;1;1;33800;316;-5;2;0;2;1;1;0;0;0;0;0;3400;3000;0
1;2;1;84510;1049;87;51;1;1;1;0;0;0;0;0;0;200;200;0
0;0;1;45080;468;3;-6;0;3;2;1;0;0;0;0;0;2000;1000;0
0;0;1;64290;495;34;31;0;3;1;2;0;0;0;0;0;5100;4000;0
0;0;0;3860;53;-68;-77;0;0;0;0;0;0;0;0;0;0;0;0
1;1;1;21300;257;33;10;0;0;0;0;0;0;0;0;0;0;0;0
0;0;1;14210;469;-53;-8;0;0;0;0;0;0;0;0;0;0;0;0
1;0;1;1104700;2584;3;33;0;0;0;0;0;0;0;0;0;0;0;0
0;0;1;12250;342;-64;-41;0;0;0;0;0;0;0;0;0;0;0;0
1;1;1;19290;859;-51;-25;0;1;1;0;0;0;0;0;0;200;200;0
0;0;1;715390;1923;36;36;0;1;1;0;0;0;0;0;0;300;300;0
0;0;0;9070;28;1;-30;0;0;0;0;0;0;0;0;0;0;0;0
0;0;1;194580;697;-35;-32;0;0;0;0;0;0;0;0;0;0;0;0
0;0;1;25650;157;2;-42;0;4;1;3;0;0;0;0;0;16900;8000;0
0;0;1;15170;414;-56;-54;0;0;0;0;0;0;0;0;0;0;0;0
1;0;1;59250;1452;59;39;0;1;1;0;0;0;0;0;0;500;500;0
0;0;0;2940;65;-20;-40;0;0;0;0;0;0;0;0;0;0;0;0
1;0;1;27440;635;-5;-28;0;1;1;0;0;0;0;0;0;400;400;0
1;0;0;12380;126;-56;-35;0;1;0;0;1;0;0;0;0;70000;70000;0
0;0;1;122640;979;10;21;0;6;4;2;0;0;0;0;0;9200;6000;1
1;1;1;742750;3037;87;85;0;4;0;4;0;0;0;0;0;18000;8000;0
0;0;1;53390;432;-7;15;0;2;1;1;0;0;0;0;0;3200;3000;0
1;1;1;14890;540;-64;-53;0;0;0;0;0;0;0;0;0;0;0;0
1;0;0;8980;189;-14;-50;0;0;0;0;0;0;0;0;0;0;0;0
0;0;1;716630;1677;-8;14;0;2;2;0;0;0;0;0;0;700;500;0
1;1;0;21540;862;134;182;1;2;1;1;0;0;0;0;0;4200;4000;0
1;0;1;36410;646;152;142;0;0;0;0;0;0;0;0;0;0;0;1
1;1;1;83490;898;-49;-37;1;2;1;0;0;1;0;0;0;100300;100000;1
0;0;0;203850;476;-14;-32;0;1;0;1;0;0;0;0;0;3000;3000;0
0;0;0;340;6;-87;-85;0;0;0;0;0;0;0;0;0;0;0;0
0;0;1;8080;294;-48;4;0;0;0;0;0;0;0;0;0;0;0;0
0;1;1;44150;951;134;88;0;0;0;0;0;0;0;0;0;0;0;0
0;0;1;33310;541;40;18;0;0;0;0;0;0;0;0;0;0;0;0
0;0;0;2960;91;-19;-16;0;0;0;0;0;0;0;0;0;0;0;0
0;0;0;7410;133;6;-20;0;0;0;0;0;0;0;0;0;0;0;0
1;1;1;17720;266;-32;-45;0;0;0;0;0;0;0;0;0;0;0;0
0;0;1;15300;242;-2;-4;0;1;1;0;0;0;0;0;0;400;400;0
0;0;0;1070;17;-73;-65;0;0;0;0;0;0;0;0;0;0;0;0
0;0;0;4620;175;-63;-30;0;0;0;0;0;0;0;0;0;0;0;0
0;0;0;18820;299;75;24;0;1;0;1;0;0;0;0;0;4000;4000;0
0;0;1;29340;294;-25;-31;0;3;3;0;0;0;0;0;0;1400;600;0
1;0;1;31320;407;35;-13;0;1;0;1;0;0;0;0;0;2000;2000;0
0;0;0;2920;20;-7;-50;0;0;0;0;0;0;0;0;0;0;0;0
1;0;1;91510;768;-78;-69;0;3;2;1;0;0;0;0;0;5900;5000;1
0;0;1;1138340;2106;-20;-20;0;2;0;2;0;0;0;0;0;11000;9000;0
0;2;1;106030;988;148;49;1;0;0;0;0;0;0;0;0;0;0;0
1;0;1;19370;715;44;85;0;0;0;0;0;0;0;0;0;0;0;0
0;0;1;15080;351;-50;-32;0;0;0;0;0;0;0;0;0;0;0;0
0;0;1;194580;697;-35;-32;0;0;0;0;0;0;0;0;0;0;0;0
0;2;1;43730;832;10;35;2;0;0;0;0;0;0;0;0;0;0;0
1;1;1;21220;540;-26;-14;1;0;0;0;0;0;0;0;0;0;0;1
1;1;1;73820;322;-16;-14;0;8;3;3;2;0;0;0;0;52700;30000;0
1;1;0;2580;94;-79;-62;0;0;0;0;0;0;0;0;0;0;0;0
0;1;0;12430;32;14;-20;0;0;0;0;0;0;0;0;0;0;0;0
1;1;0;2970;142;-71;-61;1;0;0;0;0;0;0;0;0;0;0;0
0;1;1;45170;579;-14;-10;0;1;0;1;0;0;0;0;0;2000;2000;0
1;0;1;19640;302;-16;-36;0;0;0;0;0;0;0;0;0;0;0;0
0;1;0;19420;60;98;20;0;0;0;0;0;0;0;0;0;0;0;0
0;1;1;29060;660;125;103;1;1;1;0;0;0;0;0;0;300;300;0
0;1;1;28920;659;114;96;1;0;0;0;0;0;0;0;0;0;0;0
1;0;1;17120;332;-37;-30;0;0;0;0;0;0;0;0;0;0;0;0
0;0;1;166700;363;-34;-56;0;0;0;0;0;0;0;0;0;0;0;0
0;0;1;31040;322;-10;1;0;5;2;3;0;0;0;0;0;9000;4000;0
1;1;1;23770;519;-21;0;0;1;1;0;0;0;0;0;0;500;500;0
1;0;1;54070;696;56;26;0;0;0;0;0;0;0;0;0;0;0;0
0;1;0;390180;938;6;33;0;0;0;0;0;0;0;0;0;0;0;0
0;0;1;202640;588;-33;-41;0;2;1;1;0;0;0;0;0;4300;4000;0
1;0;1;24490;237;-51;-42;0;3;3;0;0;0;0;0;0;1000;500;0
1;1;1;588930;1807;-50;-2;0;1;0;1;0;0;0;0;0;4000;4000;1
0;0;0;3000;72;-75;-69;0;0;0;0;0;0;0;0;0;0;0;0
0;1;1;17600;543;-6;8;0;0;0;0;0;0;0;0;0;0;0;0
0;1;1;582700;1232;-32;-28;0;1;0;1;0;0;0;0;0;7000;7000;0
0;1;1;2595650;4365;81;66;0;0;0;0;0;0;0;0;0;0;0;0
0;0;1;48710;547;41;-3;0;0;0;0;0;0;0;0;0;0;0;0
1;0;1;25940;233;-31;-37;0;5;1;4;0;0;0;0;0;15400;7000;0
0;1;0;3430;18;-88;-74;0;0;0;0;0;0;0;0;0;0;0;0
1;1;1;26750;408;8;-10;1;0;0;0;0;0;0;0;0;0;0;0
1;0;1;28010;693;23;3;0;0;0;0;0;0;0;0;0;0;0;0
0;0;0;4580;100;-64;-59;0;0;0;0;0;0;0;0;0;0;0;0
1;0;1;122850;886;-58;-52;0;3;2;1;0;0;0;0;0;6900;6000;1
0;0;1;7030;202;-78;-53;0;0;0;0;0;0;0;0;0;0;0;0
0;0;0;7020;98;-44;-61;0;0;0;0;0;0;0;0;0;0;0;0
0;1;0;1630;26;-72;-44;0;1;1;0;0;0;0;0;0;800;800;0
0;0;0;14170;381;52;18;0;0;0;0;0;0;0;0;0;0;0;0
0;1;0;22890;81;-63;-58;0;0;0;0;0;0;0;0;0;0;0;0
0;1;1;95620;996;-26;-17;0;0;0;0;0;0;0;0;0;0;0;0
0;0;1;13540;437;-20;-21;0;0;0;0;0;0;0;0;0;0;0;0
0;0;1;30750;508;-4;-21;0;0;0;0;0;0;0;0;0;0;0;0
0;1;1;34110;408;112;70;0;3;2;1;0;0;0;0;0;5300;4000;0
0;0;1;50840;719;46;32;0;1;0;1;0;0;0;0;0;7000;7000;0
0;1;1;12180;351;-24;44;0;0;0;0;0;0;0;0;0;0;0;0
0;1;0;4560;112;-63;-54;0;0;0;0;0;0;0;0;0;0;0;0
1;1;0;24020;462;-4;-26;1;0;0;0;0;0;0;0;0;0;0;0
1;1;1;45680;1276;84;92;0;1;1;0;0;0;0;0;0;500;500;0
0;0;0;7160;182;-13;-34;0;0;0;0;0;0;0;0;0;0;0;0
0;0;1;42220;382;29;-9;0;1;0;1;0;0;0;0;0;8000;8000;0
1;1;1;22820;833;25;65;1;0;0;0;0;0;0;0;0;0;0;0
0;0;0;10730;205;-5;-16;0;0;0;0;0;0;0;0;0;0;0;0
0;1;1;35910;636;8;19;0;0;0;0;0;0;0;0;0;0;0;0
1;1;1;25430;634;-11;-17;0;0;0;0;0;0;0;0;0;0;0;0
0;0;1;24360;351;-25;-16;0;2;2;0;0;0;0;0;0;1300;900;0
0;2;1;40750;725;3;18;2;0;0;0;0;0;0;0;0;0;0;0
0;1;0;26720;53;21;21;1;1;0;1;0;0;0;0;0;1000;1000;0
1;0;1;39760;783;198;102;0;1;1;0;0;0;0;0;0;900;900;0
1;0;1;9360;157;-69;-68;0;0;0;0;0;0;0;0;0;0;0;0
1;0;0;15840;275;90;64;0;1;0;1;0;0;0;0;0;4000;4000;0
0;1;0;14190;384;62;30;0;0;0;0;0;0;0;0;0;0;0;0
1;1;1;43900;853;24;48;0;1;0;0;1;0;0;0;0;80000;80000;0
1;0;1;76200;766;166;71;0;0;0;0;0;0;0;0;0;0;0;0
0;0;1;14140;200;-39;-50;0;0;0;0;0;0;0;0;0;0;0;0
0;1;1;34360;604;40;44;0;0;0;0;0;0;0;0;0;0;0;0
1;0;1;68600;1052;138;33;0;1;1;0;0;0;0;0;0;900;900;0
1;2;0;61620;195;-33;-4;0;1;0;1;0;0;0;0;0;3000;3000;0
1;1;1;70490;330;-38;-37;0;6;1;5;0;0;0;0;0;10300;3000;0
0;1;0;8190;325;-13;3;0;0;0;0;0;0;0;0;0;0;0;0
0;0;1;17660;140;-60;-52;0;1;1;0;0;0;0;0;0;900;900;0
0;0;1;42280;375;-17;-6;0;5;3;2;0;0;0;0;0;12100;7000;0
0;1;1;37840;468;-57;-47;0;2;2;0;0;0;0;0;0;1200;600;0
1;0;1;59410;1552;59;48;0;2;2;0;0;0;0;0;0;900;600;0
0;0;0;63550;325;15;35;0;0;0;0;0;0;0;0;0;0;0;0
0;1;1;22830;467;-19;-28;1;1;1;0;0;0;0;0;0;500;500;0
0;0;1;65320;128;-29;-25;0;1;1;0;0;0;0;0;0;800;800;0
0;0;0;9280;294;35;71;0;0;0;0;0;0;0;0;0;0;0;0
0;1;1;45530;736;37;37;0;0;0;0;0;0;0;0;0;0;0;0
0;1;1;14000;286;-59;-48;0;0;0;0;0;0;0;0;0;0;0;0
0;1;1;26960;514;85;41;1;0;0;0;0;0;0;0;0;0;0;0
0;0;1;47370;296;-30;-28;0;4;2;2;0;0;0;0;0;8800;7000;0
0;1;1;17610;228;5;-13;0;0;0;0;0;0;0;0;0;0;0;0
1;0;0;155980;742;65;24;0;1;0;0;1;0;0;0;0;20000;20000;0
0;0;0;40370;755;223;202;0;0;0;0;0;0;0;0;0;0;0;0
1;0;1;19920;400;-15;-15;0;0;0;0;0;0;0;0;0;0;0;0
0;0;1;39900;573;45;19;0;1;0;0;1;0;0;0;0;40000;40000;0
0;0;0;20150;64;-51;-62;0;1;0;1;0;0;0;0;0;5000;5000;0
0;0;1;274170;997;15;34;0;0;0;0;0;0;0;0;0;0;0;0
1;0;1;12950;343;-12;-9;0;0;0;0;0;0;0;0;0;0;0;0
0;1;0;315650;645;-33;-9;0;1;0;1;0;0;0;0;0;5000;5000;0
0;0;0;4240;25;19;-38;0;0;0;0;0;0;0;0;0;0;0;0
1;0;1;29560;1067;2;35;0;0;0;0;0;0;0;0;0;0;0;0
0;0;0;119460;269;-70;-64;0;0;0;0;0;0;0;0;0;0;0;0
1;1;1;23790;589;56;34;1;0;0;0;0;0;0;0;0;0;0;0
0;0;1;441960;1006;-42;-33;0;3;0;3;0;0;0;0;0;6000;3000;0
1;0;1;43940;327;41;36;0;2;0;1;1;0;0;0;0;41000;40000;0
0;1;0;17930;347;668;323;2;0;0;0;0;0;0;0;0;0;0;0
1;1;1;40620;398;56;-18;0;0;0;0;0;0;0;0;0;0;0;1
0;1;1;53860;346;96;96;0;5;1;4;0;0;0;0;0;13700;9000;0
1;0;1;23260;483;-22;8;0;0;0;0;0;0;0;0;0;0;0;0
0;0;0;7400;25;-12;-38;0;0;0;0;0;0;0;0;0;0;0;0
1;0;0;6940;186;-39;-17;0;1;0;1;0;0;0;0;0;2000;2000;0
1;0;1;36100;350;54;-26;0;1;1;0;0;0;0;0;0;100;100;0
1;0;1;54050;373;-14;-31;0;3;1;2;0;0;0;0;0;9400;6000;0
0;0;0;3720;43;75;8;0;0;0;0;0;0;0;0;0;0;0;0
1;1;1;397280;1630;-29;-48;0;3;1;1;1;0;0;0;0;31300;30000;0
0;0;0;4190;25;22;-38;0;0;0;0;0;0;0;0;0;0;0;0
1;0;1;292040;1233;-33;-29;0;0;0;0;0;0;0;0;0;0;0;0
0;0;1;31390;362;39;-26;0;0;0;0;0;0;0;0;0;0;0;0
1;0;1;25850;504;-18;13;0;0;0;0;0;0;0;0;0;0;0;0
0;1;1;34170;610;19;23;0;1;1;0;0;0;0;0;0;500;500;0
0;0;1;8450;121;-63;-70;0;0;0;0;0;0;0;0;0;0;0;0
0;0;0;5030;125;-28;-29;0;0;0;0;0;0;0;0;0;0;0;0
0;0;0;72300;155;-14;-82;0;1;0;1;0;0;0;0;0;5000;5000;0
0;0;0;6320;32;11;-38;0;1;0;1;0;0;0;0;0;4000;4000;0
1;1;0;10680;506;3;44;0;0;0;0;0;0;0;0;0;0;0;0
0;0;0;72250;339;-70;-65;0;0;0;0;0;0;0;0;0;0;0;0
1;0;1;43350;611;37;40;0;0;0;0;0;0;0;0;0;0;0;0
0;0;1;14010;340;-53;-32;0;1;1;0;0;0;0;0;0;600;600;0
0;2;1;27950;702;-31;10;2;0;0;0;0;0;0;0;0;0;0;0
0;0;0;5550;44;-31;-12;0;2;1;1;0;0;0;0;0;4300;4000;0
0;0;0;12970;53;-65;-64;0;0;0;0;0;0;0;0;0;0;0;0
0;0;0;8780;178;279;91;0;0;0;0;0;0;0;0;0;0;0;0
1;0;1;55130;800;88;61;0;0;0;0;0;0;0;0;0;0;0;0
1;1;1;50130;1613;125;172;0;2;2;0;0;0;0;0;0;1100;600;0
0;1;1;20760;326;-32;-49;0;0;0;0;0;0;0;0;0;0;0;0
1;0;1;14710;321;-58;-42;0;1;0;1;0;0;0;0;0;2000;2000;0
0;0;0;4810;142;-49;-56;0;0;0;0;0;0;0;0;0;0;0;0
1;0;1;36530;700;27;42;0;0;0;0;0;0;0;0;0;0;0;0
0;0;0;21900;60;-5;25;0;0;0;0;0;0;0;0;0;0;0;0
1;1;1;20140;248;-43;-57;0;1;0;1;0;0;0;0;0;3000;3000;0
0;0;0;15870;312;31;26;0;1;0;1;0;0;0;0;0;4000;4000;0
1;1;1;20160;688;-40;-25;1;0;0;0;0;0;0;0;0;0;0;0
0;0;0;3130;72;-75;-71;0;0;0;0;0;0;0;0;0;0;0;0
1;0;1;415690;1486;-37;-26;0;1;0;1;0;0;0;0;0;7000;7000;1
1;1;0;3080;123;-70;-66;1;0;0;0;0;0;0;0;0;0;0;0
0;1;1;511560;2205;-9;-10;0;5;2;3;0;0;0;0;0;9700;5000;0
0;0;1;11210;296;-66;-29;0;0;0;0;0;0;0;0;0;0;0;0
0;0;0;3170;36;-88;-79;0;0;0;0;0;0;0;0;0;0;0;0
0;1;1;32670;476;103;95;0;1;1;0;0;0;0;0;0;800;800;0
0;1;1;26860;458;244;153;0;0;0;0;0;0;0;0;0;0;0;0
0;1;1;31340;726;109;92;1;2;1;1;0;0;0;0;0;9500;9000;0
0;1;0;19040;50;7;0;0;0;0;0;0;0;0;0;0;0;0;0
0;1;1;1096910;2037;31;29;0;2;1;1;0;0;0;0;0;3700;3000;0
1;1;1;42220;515;159;79;0;0;0;0;0;0;0;0;0;0;0;1
1;0;1;197590;2804;20;44;0;8;8;0;0;0;0;0;0;4700;800;0
0;0;1;13710;613;-21;6;0;0;0;0;0;0;0;0;0;0;0;0
0;1;1;943300;987;-23;-30;0;2;1;1;0;0;0;0;0;1400;1000;0
1;1;1;42700;700;53;49;0;1;1;0;0;0;0;0;0;400;400;0
1;0;1;25910;424;-22;-3;0;1;1;0;0;0;0;0;0;900;900;0
0;1;1;24650;391;-30;-30;0;0;0;0;0;0;0;0;0;0;0;0
0;0;0;8790;53;-91;-91;0;1;0;1;0;0;0;0;0;3000;3000;0
1;0;1;27320;453;17;-4;0;0;0;0;0;0;0;0;0;0;0;1
0;0;0;2910;80;-58;-54;0;0;0;0;0;0;0;0;0;0;0;0
1;0;0;8880;112;-15;-71;0;1;0;1;0;0;0;0;0;7000;7000;0
0;1;1;22820;311;-25;-51;0;0;0;0;0;0;0;0;0;0;0;0
0;1;1;11160;543;-41;7;0;0;0;0;0;0;0;0;0;0;0;0
0;0;0;64930;273;-35;-33;0;1;0;1;0;0;0;0;0;5000;5000;0
0;1;1;12440;333;-63;-38;0;0;0;0;0;0;0;0;0;0;0;0
1;0;1;19910;373;-24;-2;0;1;0;1;0;0;0;0;0;5000;5000;0
1;0;0;3270;118;-69;-69;0;0;0;0;0;0;0;0;0;0;0;0
1;1;0;38060;486;357;189;1;0;0;0;0;0;0;0;0;0;0;0
0;0;1;19390;469;-39;10;0;0;0;0;0;0;0;0;0;0;0;0
0;0;1;86740;486;17;25;0;2;0;2;0;0;0;0;0;9000;7000;0
1;1;1;19860;732;9;64;0;1;0;1;0;0;0;0;0;3000;3000;0
0;0;0;73030;240;25;7;0;0;0;0;0;0;0;0;0;0;0;0
1;1;1;108260;891;-12;-7;0;5;3;2;0;0;0;0;0;6000;3000;0
0;0;1;13990;307;-58;-43;0;0;0;0;0;0;0;0;0;0;0;0
0;1;1;133430;1074;5;-9;0;6;2;4;0;0;0;0;0;16700;8000;0
0;0;1;24650;332;-29;-41;0;0;0;0;0;0;0;0;0;0;0;0
0;0;1;85240;140;-47;-51;0;1;1;0;0;0;0;0;0;200;200;0
1;0;1;73420;1202;53;96;0;5;2;2;1;0;0;0;0;30200;20000;0
0;0;1;144880;361;-46;-52;0;1;0;1;0;0;0;0;0;2000;2000;0
1;0;1;256850;1650;-11;-31;0;4;4;0;0;0;0;0;0;1800;700;0
0;1;1;7680;253;-59;-60;0;0;0;0;0;0;0;0;0;0;0;0
0;0;0;3680;22;44;-45;0;0;0;0;0;0;0;0;0;0;0;0
1;0;1;17320;586;-17;-6;0;0;0;0;0;0;0;0;0;0;0;0
0;0;1;25750;494;9;-3;0;0;0;0;0;0;0;0;0;0;0;0
0;1;0;9450;349;1;12;0;0;0;0;0;0;0;0;0;0;0;0
0;1;0;14040;408;49;29;0;0;0;0;0;0;0;0;0;0;0;0
0;0;1;675030;1992;12;-14;0;4;1;3;0;0;0;0;0;5300;2000;0
0;0;0;650;80;-82;-28;0;0;0;0;0;0;0;0;0;0;0;0
0;0;1;129190;278;47;67;0;4;1;3;0;0;0;0;0;13500;8000;0
0;0;0;7370;110;-63;-46;0;0;0;0;0;0;0;0;0;0;0;0
0;1;1;36770;657;25;57;0;1;0;1;0;0;0;0;0;1000;1000;0
0;0;0;2440;63;-10;58;0;0;0;0;0;0;0;0;0;0;0;0
0;0;0;9470;79;-81;-84;0;1;0;1;0;0;0;0;0;2000;2000;0
0;0;1;23920;359;-45;-57;0;1;0;1;0;0;0;0;0;5000;5000;0
1;0;1;28510;805;-7;-13;0;1;0;0;1;0;0;0;0;10000;10000;0
0;0;0;38800;38;17;-45;0;2;1;1;0;0;0;0;0;1700;1000;0
0;0;1;33660;248;9;28;0;4;2;2;0;0;0;0;0;11100;8000;0
1;0;0;15610;246;25;-2;0;0;0;0;0;0;0;0;0;0;0;0
1;0;1;23860;389;-24;-13;0;1;0;0;1;0;0;0;0;40000;40000;0
1;0;0;7170;278;-23;-7;0;0;0;0;0;0;0;0;0;0;0;0
1;0;1;42640;576;264;150;0;0;0;0;0;0;0;0;0;0;0;0
1;0;1;44600;591;64;75;0;1;0;1;0;0;0;0;0;2000;2000;0
0;0;0;8710;126;-24;-44;0;0;0;0;0;0;0;0;0;0;0;0
0;0;0;4160;189;-67;-24;0;0;0;0;0;0;0;0;0;0;0;0
1;1;1;24510;845;-16;9;1;0;0;0;0;0;0;0;0;0;0;0
0;0;0;7290;185;-20;0;0;0;0;0;0;0;0;0;0;0;0;1
0;0;1;17690;284;-24;-26;0;1;1;0;0;0;0;0;0;300;300;0
1;0;1;9890;183;-29;-31;0;0;0;0;0;0;0;0;0;0;0;0
1;1;1;600400;1688;-54;-1;1;2;1;1;0;0;0;0;0;2200;2000;1
1;1;0;17500;647;74;86;0;0;0;0;0;0;0;0;0;0;0;0
0;0;1;19630;295;-40;-11;0;3;2;1;0;0;0;0;0;8300;7000;0
0;0;0;6530;266;-48;6;0;0;0;0;0;0;0;0;0;0;0;0
1;0;1;65930;869;125;75;0;0;0;0;0;0;0;0;0;0;0;0
0;1;1;20580;436;-30;4;0;0;0;0;0;0;0;0;0;0;0;0
1;0;1;26960;540;101;112;0;0;0;0;0;0;0;0;0;0;0;0
0;0;1;39390;460;27;50;0;6;5;1;0;0;0;0;0;4800;2000;0
1;0;1;21510;334;-28;-25;0;0;0;0;0;0;0;0;0;0;0;0
0;1;0;9430;123;22;-38;0;1;1;0;0;0;0;0;0;400;400;0
1;1;1;19420;591;9;29;0;0;0;0;0;0;0;0;0;0;0;0
1;0;1;15770;549;-26;-12;0;0;0;0;0;0;0;0;0;0;0;0
0;0;1;48930;769;54;46;0;0;0;0;0;0;0;0;0;0;0;0
1;0;1;58160;897;-4;3;0;3;2;1;0;0;0;0;0;1900;1000;0
0;1;0;13170;59;-77;-67;0;0;0;0;0;0;0;0;0;0;0;0
0;1;1;1312110;1471;24;2;0;1;0;1;0;0;0;0;0;3000;3000;0
1;0;1;45070;1016;214;145;0;0;0;0;0;0;0;0;0;0;0;0
1;0;1;244480;1576;11;12;0;3;2;0;1;0;0;0;0;51200;50000;0
0;1;1;35940;609;28;-6;1;0;0;0;0;0;0;0;0;0;0;0
0;0;1;18130;463;-51;-24;0;0;0;0;0;0;0;0;0;0;0;0
0;0;0;6040;41;-13;-33;0;2;1;1;0;0;0;0;0;3300;3000;0
0;0;0;6460;27;-37;-32;0;0;0;0;0;0;0;0;0;0;0;0
0;1;1;169370;644;-53;-45;0;0;0;0;0;0;0;0;0;0;0;0
0;1;0;5420;163;-46;-29;0;0;0;0;0;0;0;0;0;0;0;0
0;0;1;28920;472;-11;13;0;1;1;0;0;0;0;0;0;200;200;0
0;0;1;11410;250;-67;-57;0;0;0;0;0;0;0;0;0;0;0;0
1;0;1;40200;334;45;59;0;1;1;0;0;0;0;0;0;900;900;1
0;0;0;38820;213;-82;-57;0;1;0;1;0;0;0;0;0;4000;4000;0
1;0;1;15530;237;33;-6;0;0;0;0;0;0;0;0;0;0;0;0
0;0;1;12610;157;-61;-52;0;1;0;1;0;0;0;0;0;2000;2000;0
1;0;1;932410;2464;47;28;0;7;4;2;1;0;0;0;0;36500;30000;1
0;0;1;14080;172;-38;-65;0;0;0;0;0;0;0;0;0;0;0;0
0;0;1;19420;279;-35;-13;0;4;3;1;0;0;0;0;0;2800;1000;0
0;1;1;21860;196;-16;-60;0;0;0;0;0;0;0;0;0;0;0;0
1;0;1;28590;387;8;-10;0;2;2;0;0;0;0;0;0;1300;900;0
0;0;1;38820;647;259;137;0;0;0;0;0;0;0;0;0;0;0;0
0;0;0;7160;228;-6;-4;0;0;0;0;0;0;0;0;0;0;0;0
0;1;0;44790;57;74;-3;0;0;0;0;0;0;0;0;0;0;0;0
0;0;0;3180;11;4;-72;0;0;0;0;0;0;0;0;0;0;0;0
1;1;1;47200;562;91;24;1;0;0;0;0;0;0;0;0;0;0;0
0;0;0;1350;112;-80;-36;0;0;0;0;0;0;0;0;0;0;0;0
0;1;1;11320;472;-6;56;1;0;0;0;0;0;0;0;0;0;0;0
1;1;0;4070;173;-61;-54;1;0;0;0;0;0;0;0;0;0;0;0
1;1;0;11660;330;26;49;0;0;0;0;0;0;0;0;0;0;0;0
0;0;0;3380;262;-68;-30;0;0;0;0;0;0;0;0;0;0;0;0
1;1;1;20610;274;-18;-33;0;0;0;0;0;0;0;0;0;0;0;0
1;0;1;22860;313;-42;-16;0;6;1;3;2;0;0;0;0;70500;50000;0
0;1;0;10760;28;-1;-30;0;0;0;0;0;0;0;0;0;0;0;0
1;0;1;47700;535;48;22;0;0;0;0;0;0;0;0;0;0;0;0
0;0;1;11890;475;23;10;0;0;0;0;0;0;0;0;0;0;0;0
0;0;0;9660;511;-4;47;0;0;0;0;0;0;0;0;0;0;0;0
0;0;0;12880;62;-35;12;0;0;0;0;0;0;0;0;0;0;0;0
1;0;1;34140;792;19;0;0;1;1;0;0;0;0;0;0;500;500;0
0;1;0;20250;45;13;-10;0;0;0;0;0;0;0;0;0;0;0;0
0;0;0;5590;261;-40;-16;0;1;1;0;0;0;0;0;0;300;300;0
0;0;1;474770;1512;-32;-14;0;0;0;0;0;0;0;0;0;0;0;0
1;0;1;60730;797;110;1;0;2;1;1;0;0;0;0;0;3600;3000;0
0;0;0;114540;488;-23;0;0;2;0;2;0;0;0;0;0;8000;5000;0
0;0;0;42300;55;37;-10;0;1;0;1;0;0;0;0;0;4000;4000;0
1;1;1;59950;865;19;18;0;1;1;0;0;0;0;0;0;700;700;0
1;0;1;388530;1539;-11;-11;0;2;1;1;0;0;0;0;0;3200;3000;1
1;0;1;21660;433;-30;-14;0;0;0;0;0;0;0;0;0;0;0;0
0;0;0;3420;74;-73;-70;0;0;0;0;0;0;0;0;0;0;0;0
1;1;1;65150;952;25;60;0;4;3;1;0;0;0;0;0;4100;2000;0
0;0;0;2810;7;15;-82;0;0;0;0;0;0;0;0;0;0;0;0
0;0;1;23210;264;12;-27;0;1;1;0;0;0;0;0;0;900;900;0
1;0;1;19290;268;28;-12;0;1;0;1;0;0;0;0;0;1000;1000;0
1;1;1;2129020;3722;161;91;1;2;1;0;1;0;0;0;0;20600;20000;0
0;0;1;75050;675;134;5;0;3;0;3;0;0;0;0;0;13000;8000;0
1;1;0;31780;538;27;-14;1;0;0;0;0;0;0;0;0;0;0;0
1;2;1;52690;684;16;-2;1;1;0;1;0;0;0;0;0;2000;2000;0
0;0;1;18370;486;18;72;0;0;0;0;0;0;0;0;0;0;0;0
1;0;1;525630;734;-54;-48;0;1;1;0;0;0;0;0;0;200;200;0
0;0;0;4910;25;-58;-40;0;0;0;0;0;0;0;0;0;0;0;0
0;1;1;18170;408;50;35;1;0;0;0;0;0;0;0;0;0;0;0
0;2;1;67230;1155;57;75;1;2;1;1;0;0;0;0;0;3500;3000;1
1;0;1;26780;1003;99;160;0;1;0;0;1;0;0;0;0;60000;60000;0
0;0;0;1340;21;-42;-48;0;0;0;0;0;0;0;0;0;0;0;0
1;1;1;32500;566;21;24;0;0;0;0;0;0;0;0;0;0;0;0
1;0;1;577770;2765;27;38;0;1;0;1;0;0;0;0;0;2000;2000;1
0;0;0;5090;35;63;-12;0;0;0;0;0;0;0;0;0;0;0;0
0;1;1;22710;481;191;166;0;0;0;0;0;0;0;0;0;0;0;0
0;0;0;4790;21;-94;-82;0;0;0;0;0;0;0;0;0;0;0;0
0;0;0;3520;107;-42;-32;0;0;0;0;0;0;0;0;0;0;0;0
0;0;0;2910;24;-5;-40;0;0;0;0;0;0;0;0;0;0;0;0
0;0;0;43650;334;38;90;0;0;0;0;0;0;0;0;0;0;0;0
0;1;1;8720;175;-48;-31;0;0;0;0;0;0;0;0;0;0;0;0
0;0;0;7340;213;-19;-28;0;0;0;0;0;0;0;0;0;0;0;0
0;0;0;2760;24;2;-40;0;0;0;0;0;0;0;0;0;0;0;0
0;1;0;29650;93;-51;-20;0;0;0;0;0;0;0;0;0;0;0;0
0;0;0;2430;19;-24;-52;0;0;0;0;0;0;0;0;0;0;0;0
0;0;0;1910;46;-84;-80;0;0;0;0;0;0;0;0;0;0;0;0
1;0;1;35130;859;65;38;0;0;0;0;0;0;0;0;0;0;0;0
0;0;0;71840;255;54;28;0;1;0;1;0;0;0;0;0;6000;6000;0
0;0;0;4720;186;-62;-26;0;0;0;0;0;0;0;0;0;0;0;0
0;0;1;82460;154;-17;-16;0;0;0;0;0;0;0;0;0;0;0;0
0;0;1;59640;722;98;47;0;2;2;0;0;0;0;0;0;600;400;0
0;0;1;21280;217;-1;-43;0;0;0;0;0;0;0;0;0;0;0;0
1;0;1;16330;270;7;-14;0;0;0;0;0;0;0;0;0;0;0;0
0;1;0;15640;517;67;72;0;0;0;0;0;0;0;0;0;0;0;0
0;1;0;58410;113;84;88;0;0;0;0;0;0;0;0;0;0;0;0
0;0;1;20380;338;-24;-22;0;1;1;0;0;0;0;0;0;200;200;0
1;1;1;66780;2022;169;204;0;0;0;0;0;0;0;0;0;0;0;0
1;0;1;31430;553;1;10;0;1;1;0;0;0;0;0;0;600;600;0
1;0;1;33780;525;18;17;0;0;0;0;0;0;0;0;0;0;0;0
1;0;1;37620;520;8;-6;0;0;0;0;0;0;0;0;0;0;0;0
0;0;1;11740;46;-90;-96;0;1;0;1;0;0;0;0;0;4000;4000;0
0;0;1;10730;542;16;30;0;0;0;0;0;0;0;0;0;0;0;0
0;1;0;15290;436;75;47;0;0;0;0;0;0;0;0;0;0;0;0
0;0;0;8680;188;31;7;0;0;0;0;0;0;0;0;0;0;0;0
0;1;1;65240;1008;73;39;0;4;3;1;0;0;0;0;0;2500;1000;0
0;1;1;25080;244;62;12;0;2;1;1;0;0;0;0;0;9500;9000;0
0;0;0;8540;82;22;-51;0;2;1;1;0;0;0;0;0;2600;2000;0
0;1;0;7440;130;-26;-43;0;0;0;0;0;0;0;0;0;0;0;0
0;1;1;31800;769;295;313;1;0;0;0;0;0;0;0;0;0;0;1
0;0;1;27320;414;220;79;0;1;1;0;0;0;0;0;0;200;200;0
0;1;1;226790;717;2;0;0;0;0;0;0;0;0;0;0;0;0;0
0;0;0;251120;624;1;1;0;0;0;0;0;0;0;0;0;0;0;0
1;0;1;71730;1093;149;122;0;0;0;0;0;0;0;0;0;0;0;0
0;0;1;22900;332;20;-1;0;0;0;0;0;0;0;0;0;0;0;0
1;0;1;87140;680;94;83;0;4;2;1;1;0;0;0;0;27100;20000;0
0;1;0;20040;402;60;61;0;0;0;0;0;0;0;0;0;0;0;0
0;0;0;96080;433;60;92;0;0;0;0;0;0;0;0;0;0;0;0
1;0;1;29500;794;119;106;0;0;0;0;0;0;0;0;0;0;0;1
1;0;1;645750;2035;7;6;0;4;1;1;2;0;0;0;0;63800;40000;0
1;0;1;25400;810;19;31;0;0;0;0;0;0;0;0;0;0;0;0
0;2;1;37660;658;-5;7;2;0;0;0;0;0;0;0;0;0;0;0
0;0;0;6370;34;-68;-39;0;0;0;0;0;0;0;0;0;0;0;0
1;0;1;37570;539;8;0;0;0;0;0;0;0;0;0;0;0;0;0
1;0;1;71360;827;143;67;0;2;1;1;0;0;0;0;0;4700;4000;0
0;0;1;47740;276;-42;-76;0;4;1;3;0;0;0;0;0;7800;3000;0
0;0;0;26510;106;-55;-60;0;0;0;0;0;0;0;0;0;0;0;0
0;0;0;4610;78;-68;-55;0;0;0;0;0;0;0;0;0;0;0;0
1;0;1;332180;1890;-33;-16;0;1;0;1;0;0;0;0;0;1000;1000;1
0;0;1;26130;260;-15;-21;0;6;3;3;0;0;0;0;0;7700;3000;0
0;1;1;328050;707;51;0;0;1;1;0;0;0;0;0;0;200;200;0
0;0;0;5770;45;-86;-89;0;1;0;1;0;0;0;0;0;2000;2000;0
0;0;1;19580;439;-44;-24;0;0;0;0;0;0;0;0;0;0;0;0
0;1;1;14370;338;-44;-24;0;1;1;0;0;0;0;0;0;400;400;0
0;1;1;32960;982;93;128;0;0;0;0;0;0;0;0;0;0;0;0
0;0;0;15400;24;-59;-69;0;1;0;1;0;0;0;0;0;1000;1000;0
0;0;0;14020;251;50;-22;0;0;0;0;0;0;0;0;0;0;0;0
1;1;1;17150;198;-39;-44;0;3;1;1;1;0;0;0;0;24200;20000;0
0;0;1;11660;209;-47;-43;0;1;1;0;0;0;0;0;0;400;400;0
1;1;0;16470;661;60;88;0;0;0;0;0;0;0;0;0;0;0;0
1;0;0;26830;584;287;205;0;0;0;0;0;0;0;0;0;0;0;0
1;1;0;11540;285;-8;14;0;0;0;0;0;0;0;0;0;0;0;0
1;0;1;58720;513;175;8;0;0;0;0;0;0;0;0;0;0;0;0
0;0;1;269070;767;-1;4;0;2;2;0;0;0;0;0;0;800;400;0
0;0;0;37360;171;-21;0;0;1;0;1;0;0;0;0;0;4000;4000;0
0;0;1;71080;767;88;94;0;5;3;2;0;0;0;0;0;4600;2000;1
0;1;1;21350;376;-38;-31;0;0;0;0;0;0;0;0;0;0;0;0
0;0;1;2102300;4014;27;26;0;2;0;2;0;0;0;0;0;4000;3000;0
1;0;1;12950;428;-38;-31;0;0;0;0;0;0;0;0;0;0;0;0
0;1;1;15190;367;-39;-18;0;0;0;0;0;0;0;0;0;0;0;0
0;2;1;22210;658;-48;0;1;0;0;0;0;0;0;0;0;0;0;0
0;1;1;37110;484;17;-3;0;1;0;1;0;0;0;0;0;1000;1000;0
1;0;0;3250;68;-67;-54;0;1;0;0;1;0;0;0;0;30000;30000;1
0;1;1;15030;484;-5;22;0;0;0;0;0;0;0;0;0;0;0;0
0;0;1;7090;124;-69;-69;0;0;0;0;0;0;0;0;0;0;0;0
1;1;1;23750;442;32;44;1;1;1;0;0;0;0;0;0;600;600;0
1;0;1;91420;774;-61;-49;0;4;1;3;0;0;0;0;0;12700;9000;1
1;1;1;39700;805;-17;5;0;3;1;2;0;0;0;0;0;8700;5000;1
0;0;0;16960;130;-56;-34;0;1;0;1;0;0;0;0;0;4000;4000;0
0;0;1;25480;484;-20;-8;0;1;0;1;0;0;0;0;0;7000;7000;0
1;0;1;35830;407;54;-13;0;0;0;0;0;0;0;0;0;0;0;0
0;0;0;384230;751;4;6;0;3;1;2;0;0;0;0;0;9700;6000;1
0;1;1;936850;1737;24;17;0;2;1;1;0;0;0;0;0;2600;2000;0
1;0;1;22440;483;-29;10;0;0;0;0;0;0;0;0;0;0;0;0
1;0;1;358490;1231;-36;-58;0;1;1;0;0;0;0;0;0;400;400;0
1;1;1;20420;315;-22;-35;0;0;0;0;0;0;0;0;0;0;0;0
0;0;1;48530;485;90;87;0;2;1;1;0;0;0;0;0;1300;1000;0
0;0;1;61200;625;116;34;0;0;0;0;0;0;0;0;0;0;0;0
0;0;0;3470;84;-59;-69;0;0;0;0;0;0;0;0;0;0;0;0
0;0;0;25510;60;-75;-60;0;0;0;0;0;0;0;0;0;0;0;0
0;1;1;60910;882;55;62;0;2;0;1;0;1;0;0;0;303000;300000;0
1;0;1;35300;816;-9;-24;0;0;0;0;0;0;0;0;0;0;0;0
1;0;1;20050;295;-14;-37;0;0;0;0;0;0;0;0;0;0;0;0
0;0;1;19680;411;-38;-3;0;2;0;2;0;0;0;0;0;10000;8000;0
0;1;1;15740;278;8;-24;1;1;0;1;0;0;0;0;0;3000;3000;0
0;0;1;76490;1203;484;367;1;0;0;0;0;0;0;0;0;0;0;0
0;1;0;8290;229;-15;0;0;0;0;0;0;0;0;0;0;0;0;0
1;0;1;38220;1192;33;35;0;1;0;1;0;0;0;0;0;6000;6000;0
1;1;1;26290;104;-6;-67;0;5;2;2;1;0;0;0;0;25300;20000;0
1;1;1;42390;356;-48;-7;0;3;1;2;0;0;0;0;0;6600;3000;0
0;1;0;7170;170;-27;-26;0;0;0;0;0;0;0;0;0;0;0;0
0;1;1;18680;586;-47;-44;0;2;1;1;0;0;0;0;0;2500;2000;0
0;0;1;48100;582;10;17;0;4;2;2;0;0;0;0;0;12100;7000;0
1;0;0;27200;402;118;61;0;0;0;0;0;0;0;0;0;0;0;0
0;0;1;28380;628;14;26;0;1;0;0;1;0;0;0;0;20000;20000;0
0;1;0;7190;123;98;79;1;0;0;0;0;0;0;0;0;0;0;0
0;2;1;38620;719;-4;13;2;1;1;0;0;0;0;0;0;500;500;0
1;0;0;5350;162;-49;-57;0;0;0;0;0;0;0;0;0;0;0;0
0;0;1;16290;463;-4;-17;0;1;0;0;1;0;0;0;0;20000;20000;0
0;1;0;21780;944;136;209;0;0;0;0;0;0;0;0;0;0;0;0
0;0;1;27350;602;-1;25;0;1;1;0;0;0;0;0;0;200;200;0
0;0;1;1101540;1185;-7;-14;0;0;0;0;0;0;0;0;0;0;0;0
0;0;0;5930;31;-26;-22;0;0;0;0;0;0;0;0;0;0;0;0
0;0;0;5180;167;-43;-10;0;0;0;0;0;0;0;0;0;0;0;0
1;1;0;6710;164;-35;-55;1;0;0;0;0;0;0;0;0;0;0;0
0;1;1;42930;341;54;-11;0;5;2;3;0;0;0;0;0;6200;3000;0
0;0;0;4760;94;-23;37;0;0;0;0;0;0;0;0;0;0;0;0
1;0;1;18690;401;-20;-15;0;1;1;0;0;0;0;0;0;700;700;0
0;1;0;11920;141;21;-60;0;1;1;0;0;0;0;0;0;800;800;0
0;1;1;12000;379;-5;64;1;0;0;0;0;0;0;0;0;0;0;0
1;0;1;788650;2361;18;17;0;3;2;1;0;0;0;0;0;6100;5000;1
0;1;1;12150;361;-36;-29;0;0;0;0;0;0;0;0;0;0;0;0
1;0;0;12650;214;52;27;0;0;0;0;0;0;0;0;0;0;0;0
0;0;0;12170;226;30;-30;0;0;0;0;0;0;0;0;0;0;0;0
1;0;1;23200;264;-28;-18;0;3;2;0;1;0;0;0;0;40600;40000;0
0;0;1;53590;527;68;24;0;1;1;0;0;0;0;0;0;900;900;0
1;0;0;72370;581;-79;-70;0;0;0;0;0;0;0;0;0;0;0;0
0;1;0;5630;98;64;86;0;0;0;0;0;0;0;0;0;0;0;0
1;1;1;12670;350;-55;-25;0;0;0;0;0;0;0;0;0;0;0;0
1;0;1;13260;563;-8;36;0;0;0;0;0;0;0;0;0;0;0;0
1;1;1;19790;825;-32;6;1;1;1;0;0;0;0;0;0;400;400;0
0;0;0;10160;278;-5;15;0;0;0;0;0;0;0;0;0;0;0;0
0;0;0;4410;76;-23;53;0;0;0;0;0;0;0;0;0;0;0;0
0;0;1;127360;351;-54;-53;0;1;1;0;0;0;0;0;0;700;700;1
0;0;1;94190;2191;161;117;0;5;2;1;2;0;0;0;0;116500;90000;0
1;1;0;23040;482;201;103;0;0;0;0;0;0;0;0;0;0;0;0
0;0;1;20380;162;-58;-59;0;2;1;1;0;0;0;0;0;4700;4000;1
1;1;0;26360;459;154;21;1;2;2;0;0;0;0;0;0;700;500;0
0;0;0;2440;104;-71;-61;0;0;0;0;0;0;0;0;0;0;0;0
0;0;0;9890;210;-21;-16;0;0;0;0;0;0;0;0;0;0;0;0
1;0;1;42450;429;99;-10;0;0;0;0;0;0;0;0;0;0;0;0
0;0;1;576040;1541;-24;-22;0;1;1;0;0;0;0;0;0;900;900;0
0;0;0;8510;104;22;-38;0;0;0;0;0;0;0;0;0;0;0;0
0;0;0;58200;219;-27;-38;0;1;0;1;0;0;0;0;0;3000;3000;0
0;0;0;2540;19;12;-52;0;0;0;0;0;0;0;0;0;0;0;0
0;0;0;13640;210;123;33;0;0;0;0;0;0;0;0;0;0;0;0
0;1;0;16010;446;75;43;0;0;0;0;0;0;0;0;0;0;0;0
0;2;1;95180;1144;122;73;1;2;0;1;1;0;0;0;0;27000;20000;1
0;0;1;23040;318;-39;-28;0;2;1;1;0;0;0;0;0;1300;1000;0
0;0;0;9670;186;-59;-7;0;0;0;0;0;0;0;0;0;0;0;0
1;1;1;102380;508;19;37;0;8;4;4;0;0;0;0;0;13400;8000;0
0;1;1;28440;405;-19;-27;0;0;0;0;0;0;0;0;0;0;0;0
1;0;0;8470;203;-17;8;0;0;0;0;0;0;0;0;0;0;0;0
0;1;0;6260;114;-49;-53;0;0;0;0;0;0;0;0;0;0;0;0
0;0;0;10640;62;-68;-43;0;0;0;0;0;0;0;0;0;0;0;0
0;0;1;35800;341;16;38;0;0;0;0;0;0;0;0;0;0;0;0
0;0;0;5840;102;-17;-39;0;0;0;0;0;0;0;0;0;0;0;0
0;1;0;4040;92;-57;-72;0;0;0;0;0;0;0;0;0;0;0;0
0;0;1;8670;216;-51;-32;0;0;0;0;0;0;0;0;0;0;0;0
1;0;1;21970;183;-33;-45;0;5;3;2;0;0;0;0;0;11500;9000;0
1;0;1;110510;708;-58;-58;0;4;2;1;1;0;0;0;0;44200;40000;0
0;0;1;154830;1252;33;11;0;2;2;0;0;0;0;0;0;1100;700;0
1;1;1;92760;967;-42;-31;1;5;3;1;1;0;0;0;0;65800;60000;0
0;0;1;23310;242;-2;-53;0;1;1;0;0;0;0;0;0;700;700;0
1;0;1;66320;1644;72;53;0;2;0;2;0;0;0;0;0;6000;5000;0
1;1;1;59210;705;73;23;0;2;0;2;0;0;0;0;0;4000;2000;0
1;0;1;993080;3023;49;56;0;3;1;0;2;0;0;0;0;70800;40000;1
0;1;0;20020;49;88;22;1;0;0;0;0;0;0;0;0;0;0;0
0;1;1;8450;164;-70;-66;0;0;0;0;0;0;0;0;0;0;0;0
1;1;1;12850;193;-51;-60;0;0;0;0;0;0;0;0;0;0;0;0
1;0;1;38180;322;-6;0;0;3;1;2;0;0;0;0;0;11500;8000;1
1;0;1;73160;654;155;46;0;1;0;1;0;0;0;0;0;3000;3000;0
0;0;1;40850;340;-16;18;0;2;2;0;0;0;0;0;0;400;200;0
0;1;0;7780;291;-17;-7;0;0;0;0;0;0;0;0;0;0;0;0
0;1;1;134640;611;-41;-16;0;0;0;0;0;0;0;0;0;0;0;0
0;0;1;1345240;3510;-17;16;0;0;0;0;0;0;0;0;0;0;0;0
0;1;1;12800;213;-22;-20;0;0;0;0;0;0;0;0;0;0;0;0
1;1;1;40030;577;-28;-13;0;0;0;0;0;0;0;0;0;0;0;0
1;1;1;61140;306;22;-69;0;8;5;2;1;0;0;0;0;89400;80000;1
1;0;1;254750;2932;50;66;0;1;0;1;0;0;0;0;0;2000;2000;1
0;0;1;172120;537;-35;-41;0;0;0;0;0;0;0;0;0;0;0;0
1;1;1;59820;855;100;65;0;2;2;0;0;0;0;0;0;600;300;0
0;1;1;240350;458;24;34;0;4;3;1;0;0;0;0;0;3000;2000;0
1;1;0;66800;441;-34;-31;0;0;0;0;0;0;0;0;0;0;0;0
1;1;1;23050;428;-19;-32;1;0;0;0;0;0;0;0;0;0;0;0
1;1;1;1355970;2326;-7;-12;0;0;0;0;0;0;0;0;0;0;0;0
0;0;0;6130;111;-28;-59;0;0;0;0;0;0;0;0;0;0;0;0
0;0;0;20730;48;-39;-46;0;1;1;0;0;0;0;0;0;400;400;0
0;0;1;32620;718;0;17;0;0;0;0;0;0;0;0;0;0;0;0
0;1;1;42840;248;24;5;0;3;0;3;0;0;0;0;0;4000;2000;0
1;0;1;11390;233;-66;-55;0;0;0;0;0;0;0;0;0;0;0;0
0;1;1;33540;570;-6;34;0;0;0;0;0;0;0;0;0;0;0;0
0;0;0;12640;57;-63;-52;0;0;0;0;0;0;0;0;0;0;0;0
0;1;1;69880;855;144;72;0;2;2;0;0;0;0;0;0;1200;800;0
0;0;1;17910;86;-85;-79;0;4;0;4;0;0;0;0;0;12000;6000;0
0;0;1;20350;439;39;44;0;0;0;0;0;0;0;0;0;0;0;0
1;0;1;45670;382;26;5;0;5;1;4;0;0;0;0;0;10800;5000;1
1;1;1;42350;1625;70;144;0;0;0;0;0;0;0;0;0;0;0;0
1;0;0;16380;736;63;112;0;0;0;0;0;0;0;0;0;0;0;0
0;0;1;24160;362;-23;-32;0;0;0;0;0;0;0;0;0;0;0;0
1;1;0;19760;445;114;101;0;0;0;0;0;0;0;0;0;0;0;0
0;0;1;7000;131;-40;-56;0;1;0;1;0;0;0;0;0;1000;1000;0
0;1;1;111950;997;-8;-13;0;4;3;1;0;0;0;0;0;4400;3000;0
0;0;1;22810;508;-35;-7;0;0;0;0;0;0;0;0;0;0;0;0
0;0;0;750;15;-73;-62;0;0;0;0;0;0;0;0;0;0;0;0
0;0;0;4190;43;-58;-49;0;0;0;0;0;0;0;0;0;0;0;0
1;0;0;2580;115;-77;-49;0;0;0;0;0;0;0;0;0;0;0;0
0;0;1;36020;487;15;18;0;1;1;0;0;0;0;0;0;400;400;0
1;0;1;34800;450;17;1;0;2;1;1;0;0;0;0;0;3200;3000;0
1;0;0;15280;521;63;74;0;0;0;0;0;0;0;0;0;0;0;0
0;0;0;2510;17;-16;-58;0;0;0;0;0;0;0;0;0;0;0;0
0;1;0;36380;222;-32;-2;0;1;0;1;0;0;0;0;0;4000;4000;0
0;1;1;29990;354;79;35;0;1;1;0;0;0;0;0;0;400;400;0
0;0;1;918020;1759;-36;-34;0;2;0;2;0;0;0;0;0;5000;3000;0
1;0;1;536260;1733;2;-4;0;2;0;1;1;0;0;0;0;74000;70000;0
0;1;0;12580;120;-73;-74;0;1;1;0;0;0;0;0;0;600;600;0
0;0;1;44960;643;19;56;0;4;1;3;0;0;0;0;0;14400;9000;0
0;1;1;18510;289;-42;-42;0;0;0;0;0;0;0;0;0;0;0;0
1;0;1;28290;527;100;79;0;0;0;0;0;0;0;0;0;0;0;0
1;1;1;63670;846;138;86;0;0;0;0;0;0;0;0;0;0;0;0
1;0;1;77040;772;143;-7;0;1;0;1;0;0;0;0;0;2000;2000;0
1;1;1;32180;934;44;57;0;1;1;0;0;0;0;0;0;400;400;0
0;0;1;15380;418;37;50;0;0;0;0;0;0;0;0;0;0;0;0
0;1;1;232470;361;28;11;0;3;2;1;0;0;0;0;0;4000;3000;0
0;0;1;7870;141;-71;-67;0;1;1;0;0;0;0;0;0;700;700;0
0;0;1;34980;296;-29;5;0;0;0;0;0;0;0;0;0;0;0;0
1;0;1;81410;785;432;151;1;0;0;0;0;0;0;0;0;0;0;0
1;1;1;13590;359;-51;-23;0;1;0;1;0;0;0;0;0;1000;1000;0
1;1;1;48130;1330;163;163;1;0;0;0;0;0;0;0;0;0;0;0
0;0;1;48560;726;105;58;0;0;0;0;0;0;0;0;0;0;0;1
0;0;1;336600;984;-32;-34;0;1;0;1;0;0;0;0;0;4000;4000;0
1;0;1;21650;348;53;18;0;0;0;0;0;0;0;0;0;0;0;0
0;1;1;13930;423;-26;-32;0;0;0;0;0;0;0;0;0;0;0;0
1;0;1;48980;1007;54;21;0;0;0;0;0;0;0;0;0;0;0;0
0;1;0;8670;151;-25;-58;0;0;0;0;0;0;0;0;0;0;0;0
0;0;1;10870;220;-51;-40;0;0;0;0;0;0;0;0;0;0;0;0
0;1;1;37440;686;7;-35;0;0;0;0;0;0;0;0;0;0;0;0
0;1;0;10890;283;16;-9;0;0;0;0;0;0;0;0;0;0;0;0
0;1;1;10130;133;-67;-32;0;1;0;1;0;0;0;0;0;2000;2000;0
0;1;0;68200;137;-5;-38;0;0;0;0;0;0;0;0;0;0;0;0
1;1;1;17730;568;-1;24;0;0;0;0;0;0;0;0;0;0;0;0
0;0;0;51320;239;11;23;0;1;0;1;0;0;0;0;0;6000;6000;0
0;1;1;121720;1170;1;2;0;1;0;1;0;0;0;0;0;5000;5000;0
0;0;0;3300;15;24;-62;0;0;0;0;0;0;0;0;0;0;0;0
0;0;1;15820;382;-32;0;0;0;0;0;0;0;0;0;0;0;0;0
0;1;0;10320;172;4;-51;0;0;0;0;0;0;0;0;0;0;0;0
1;0;1;30140;426;-4;-5;0;4;1;3;0;0;0;0;0;11900;6000;0
0;1;0;52000;134;44;97;0;0;0;0;0;0;0;0;0;0;0;1
0;0;1;1371400;3040;91;63;0;1;1;0;0;0;0;0;0;300;300;0
1;0;1;27960;740;110;91;0;0;0;0;0;0;0;0;0;0;0;0
1;1;1;21300;710;19;55;0;1;0;1;0;0;0;0;0;2000;2000;0
1;1;1;18490;451;-34;-4;0;0;0;0;0;0;0;0;0;0;0;0
0;0;1;87700;935;-53;-49;0;2;1;1;0;0;0;0;0;1600;1000;0
0;0;0;4310;66;83;65;0;0;0;0;0;0;0;0;0;0;0;0
1;0;1;649840;2256;6;17;0;3;1;2;0;0;0;0;0;8400;7000;1
0;0;1;40070;501;16;-11;0;0;0;0;0;0;0;0;0;0;0;1
1;0;1;36400;303;-53;-21;0;2;1;1;0;0;0;0;0;1400;1000;0
0;0;0;6170;187;-33;-16;0;0;0;0;0;0;0;0;0;0;0;0
1;1;1;59380;949;27;30;0;5;2;2;1;0;0;0;0;26600;20000;0
0;1;0;8820;280;-4;-10;0;0;0;0;0;0;0;0;0;0;0;0
0;0;0;3100;184;-72;-47;0;0;0;0;0;0;0;0;0;0;0;0
0;0;0;5640;58;6;17;0;1;0;1;0;0;0;0;0;5000;5000;0
0;1;1;54900;426;120;-15;0;0;0;0;0;0;0;0;0;0;0;0
0;1;1;40610;672;22;25;0;0;0;0;0;0;0;0;0;0;0;0
0;0;1;17800;436;58;56;0;0;0;0;0;0;0;0;0;0;0;0
0;0;1;15470;286;163;12;0;0;0;0;0;0;0;0;0;0;0;0
0;1;0;8900;38;-83;-77;0;0;0;0;0;0;0;0;0;0;0;0
1;1;1;13880;507;-22;11;0;0;0;0;0;0;0;0;0;0;0;0
0;1;1;1061760;1443;-3;0;0;1;0;1;0;0;0;0;0;3000;3000;1
0;0;0;9220;277;-2;-11;0;0;0;0;0;0;0;0;0;0;0;0
0;0;1;207930;614;-6;18;0;2;2;0;0;0;0;0;0;1000;700;0
0;0;1;51950;144;-44;-17;0;2;0;2;0;0;0;0;0;3000;2000;0
1;0;1;32500;474;-5;10;0;1;1;0;0;0;0;0;0;700;700;0
0;0;1;17280;394;32;53;0;1;1;0;0;0;0;0;0;100;100;0
0;1;1;66640;155;-13;-13;0;1;1;0;0;0;0;0;0;400;400;0
0;1;1;32690;380;-31;-5;0;2;2;0;0;0;0;0;0;1100;700;1
0;1;1;11630;481;-27;21;0;0;0;0;0;0;0;0;0;0;0;0
0;0;0;74570;308;-41;-35;0;2;0;2;0;0;0;0;0;4000;3000;0
1;1;1;27900;598;-45;-18;0;1;1;0;0;0;0;0;0;300;300;0
0;0;0;6260;268;-33;-11;0;0;0;0;0;0;0;0;0;0;0;0
0;0;1;53170;461;9;23;0;5;2;3;0;0;0;0;0;4800;2000;0
0;0;0;2440;16;-27;-60;0;0;0;0;0;0;0;0;0;0;0;0
0;1;1;140610;254;-20;-17;1;1;1;0;0;0;0;0;0;800;800;0
0;1;0;11230;27;2;-32;0;0;0;0;0;0;0;0;0;0;0;0
1;0;1;38170;784;-27;12;0;3;1;2;0;0;0;0;0;3500;2000;0
0;0;1;55730;387;-89;-87;0;3;2;1;0;0;0;0;0;9600;8000;1
0;0;0;65250;450;-74;-70;0;0;0;0;0;0;0;0;0;0;0;1
0;0;0;7360;213;-4;-10;0;0;0;0;0;0;0;0;0;0;0;0
1;1;1;57440;879;4;12;0;0;0;0;0;0;0;0;0;0;0;0
0;0;1;8880;309;-48;-44;0;0;0;0;0;0;0;0;0;0;0;0
0;0;0;290;3;-67;-92;0;1;0;1;0;0;0;0;0;3000;3000;0
0;0;1;35570;505;25;9;0;0;0;0;0;0;0;0;0;0;0;0
0;0;0;2650;18;7;-55;0;0;0;0;0;0;0;0;0;0;0;0
0;1;0;5250;66;-49;36;0;0;0;0;0;0;0;0;0;0;0;0
1;0;1;10530;177;-67;-60;0;0;0;0;0;0;0;0;0;0;0;0
0;0;1;682910;1486;-2;-18;0;2;0;2;0;0;0;0;0;6000;4000;0
0;0;0;16630;81;-65;-59;0;0;0;0;0;0;0;0;0;0;0;0
1;0;1;53660;627;97;33;0;3;2;1;0;0;0;0;0;2100;1000;0
1;1;1;30730;890;5;14;1;0;0;0;0;0;0;0;0;0;0;0
1;1;1;30610;1260;37;112;0;1;1;0;0;0;0;0;0;300;300;0
0;0;1;101040;213;11;11;0;2;1;1;0;0;0;0;0;1700;1000;0
0;0;0;3860;77;-38;12;0;0;0;0;0;0;0;0;0;0;0;0
0;1;0;54770;1913;445;450;2;0;0;0;0;0;0;0;0;0;0;0
0;1;0;4890;162;97;88;0;0;0;0;0;0;0;0;0;0;0;0
0;1;0;48650;73;-51;-51;0;0;0;0;0;0;0;0;0;0;0;0
0;0;1;34150;346;17;38;0;2;1;1;0;0;0;0;0;6300;6000;0
0;1;1;30980;480;11;0;0;0;0;0;0;0;0;0;0;0;0;0
1;0;1;15650;664;45;42;0;1;1;0;0;0;0;0;0;800;800;0
1;0;1;53700;573;87;16;0;0;0;0;0;0;0;0;0;0;0;0
0;0;0;65800;259;-58;-49;0;1;0;1;0;0;0;0;0;4000;4000;0
1;0;1;44330;485;27;-10;0;0;0;0;0;0;0;0;0;0;0;0
1;1;1;87060;1043;212;122;0;2;1;1;0;0;0;0;0;2800;2000;0
1;1;1;128260;1235;-10;-5;0;1;0;1;0;0;0;0;0;1000;1000;0
1;1;1;43420;623;56;33;0;2;2;0;0;0;0;0;0;500;400;0
1;0;1;70980;1157;161;37;0;2;0;2;0;0;0;0;0;10000;6000;0
0;0;0;54990;182;1;-28;0;0;0;0;0;0;0;0;0;0;0;0
0;1;0;4030;127;-13;48;1;0;0;0;0;0;0;0;0;0;0;0
0;0;1;120690;150;-18;-43;0;0;0;0;0;0;0;0;0;0;0;0
0;0;0;5990;53;-42;-64;0;0;0;0;0;0;0;0;0;0;0;0
0;0;1;590510;1780;23;-6;0;1;1;0;0;0;0;0;0;800;800;0
0;1;0;135210;3261;1245;838;1;2;0;1;0;1;0;0;0;208000;200000;0
0;0;1;27980;243;-40;-35;0;6;3;3;0;0;0;0;0;7000;3000;0
0;1;0;154420;319;-46;-43;0;1;0;1;0;0;0;0;0;3000;3000;0
1;1;1;22320;337;39;48;0;1;0;0;1;0;0;0;0;10000;10000;0
1;0;1;22850;515;-13;-10;0;0;0;0;0;0;0;0;0;0;0;0
0;1;1;33620;762;97;77;0;1;1;0;0;0;0;0;0;700;700;0
1;0;1;54920;801;102;70;0;1;1;0;0;0;0;0;0;200;200;0
0;1;0;6450;163;-30;-48;0;0;0;0;0;0;0;0;0;0;0;0
1;1;0;9910;431;-4;22;0;0;0;0;0;0;0;0;0;0;0;0
0;0;1;90240;1080;177;77;0;0;0;0;0;0;0;0;0;0;0;0
0;0;1;25010;524;-27;-41;0;0;0;0;0;0;0;0;0;0;0;0
0;0;1;17860;321;-44;-50;0;1;1;0;0;0;0;0;0;400;400;0
1;0;1;452730;1349;-34;-31;0;3;0;1;2;0;0;0;0;64000;30000;0
0;1;0;6790;238;-37;-2;0;0;0;0;0;0;0;0;0;0;0;0
1;1;1;34930;459;19;-6;0;0;0;0;0;0;0;0;0;0;0;0
0;0;0;87740;357;-30;-24;0;0;0;0;0;0;0;0;0;0;0;0
0;0;0;1150;22;-88;-73;0;1;1;0;0;0;0;0;0;100;100;0
1;0;1;28900;692;0;-13;0;0;0;0;0;0;0;0;0;0;0;0
0;0;0;4760;35;-94;-73;0;0;0;0;0;0;0;0;0;0;0;0
1;0;1;29480;510;-7;-39;0;0;0;0;0;0;0;0;0;0;0;0
0;0;0;2570;10;18;-75;0;0;0;0;0;0;0;0;0;0;0;0
0;0;1;37710;233;2;-12;0;1;0;1;0;0;0;0;0;2000;2000;0
0;1;0;19420;60;98;20;0;0;0;0;0;0;0;0;0;0;0;0
0;0;1;27780;386;-15;-8;0;1;0;1;0;0;0;0;0;5000;5000;0
0;0;1;43380;693;83;36;0;0;0;0;0;0;0;0;0;0;0;0
0;1;1;28130;304;15;-28;0;1;0;1;0;0;0;0;0;6000;6000;0
0;0;1;891720;2037;11;0;0;0;0;0;0;0;0;0;0;0;0;0
0;0;1;12080;310;-22;10;0;1;0;1;0;0;0;0;0;4000;4000;0
0;0;1;21670;132;-31;-34;0;3;2;1;0;0;0;0;0;3400;2000;0
0;0;1;373180;1246;-32;-14;0;1;0;1;0;0;0;0;0;2000;2000;0
1;0;1;15130;372;18;51;0;0;0;0;0;0;0;0;0;0;0;0
1;1;1;17310;485;-3;6;0;0;0;0;0;0;0;0;0;0;0;0
0;1;0;92520;169;-73;-74;0;1;0;0;1;0;0;0;0;10000;10000;1
0;1;0;11500;30;-3;-25;0;0;0;0;0;0;0;0;0;0;0;0
1;0;0;18440;398;122;137;0;1;1;0;0;0;0;0;0;200;200;0
0;1;0;22610;242;193;30;0;0;0;0;0;0;0;0;0;0;0;0
0;1;1;16110;402;23;23;1;0;0;0;0;0;0;0;0;0;0;0
0;1;1;32830;1134;17;75;1;0;0;0;0;0;0;0;0;0;0;0
1;0;0;35440;930;304;384;1;0;0;0;0;0;0;0;0;0;0;0
0;0;0;10850;131;55;49;0;0;0;0;0;0;0;0;0;0;0;0
0;1;1;5930;120;-65;-54;0;0;0;0;0;0;0;0;0;0;0;0
0;0;1;951410;1332;98;-7;0;0;0;0;0;0;0;0;0;0;0;0
0;1;1;16000;313;-38;-36;0;0;0;0;0;0;0;0;0;0;0;0
0;1;0;5680;127;-43;-64;0;0;0;0;0;0;0;0;0;0;0;0
0;1;1;691310;1416;-14;-6;0;0;0;0;0;0;0;0;0;0;0;0
0;1;1;16330;449;-13;-28;0;0;0;0;0;0;0;0;0;0;0;0
1;0;1;30430;308;-16;-19;0;2;1;1;0;0;0;0;0;4500;4000;0
1;0;1;49660;747;48;36;0;0;0;0;0;0;0;0;0;0;0;0
0;1;0;6220;111;52;40;1;0;0;0;0;0;0;0;0;0;0;0
0;0;0;11390;89;47;94;0;1;1;0;0;0;0;0;0;300;300;0
1;0;1;31450;286;47;-40;0;0;0;0;0;0;0;0;0;0;0;0
1;0;1;31310;504;47;6;0;0;0;0;0;0;0;0;0;0;0;0
0;0;0;18870;47;-19;-3;0;2;1;1;0;0;0;0;0;4800;4000;0
1;0;1;162190;1702;-7;0;0;0;0;0;0;0;0;0;0;0;0;0
0;0;0;1600;11;-66;-72;0;0;0;0;0;0;0;0;0;0;0;0
0;1;1;68830;633;96;13;0;2;0;2;0;0;0;0;0;5000;3000;0
0;0;1;189840;1276;-50;-45;0;6;1;5;0;0;0;0;0;17900;7000;1
0;0;0;18250;67;95;68;0;0;0;0;0;0;0;0;0;0;0;0
1;0;1;42060;740;43;49;0;0;0;0;0;0;0;0;0;0;0;0
0;1;1;60340;495;68;96;0;5;3;2;0;0;0;0;0;12500;8000;0
0;1;1;30740;318;83;22;0;1;1;0;0;0;0;0;0;900;900;0
1;0;1;833660;2493;22;32;0;4;2;2;0;0;0;0;0;11000;6000;0
0;0;0;5020;32;77;-20;0;0;0;0;0;0;0;0;0;0;0;0
0;0;1;28000;572;115;119;0;0;0;0;0;0;0;0;0;0;0;1
0;1;1;21060;242;-14;-42;0;0;0;0;0;0;0;0;0;0;0;1
0;0;1;31430;484;-10;-11;0;0;0;0;0;0;0;0;0;0;0;0
0;0;0;160350;828;-31;23;0;0;0;0;0;0;0;0;0;0;0;0
1;0;0;13160;271;58;61;0;0;0;0;0;0;0;0;0;0;0;0
0;1;0;7400;206;-31;-15;0;0;0;0;0;0;0;0;0;0;0;0
0;0;0;1650;21;-79;-69;0;0;0;0;0;0;0;0;0;0;0;0
0;0;0;5310;49;-88;-89;0;0;0;0;0;0;0;0;0;0;0;0
0;0;0;6660;274;-29;-15;0;0;0;0;0;0;0;0;0;0;0;0
0;1;0;19320;320;106;118;1;2;1;1;0;0;0;0;0;2300;2000;1
0;0;1;26830;192;-77;-88;0;1;1;0;0;0;0;0;0;600;600;0
1;0;0;7590;227;-34;1;0;0;0;0;0;0;0;0;0;0;0;0
0;1;1;10980;327;-16;0;1;0;0;0;0;0;0;0;0;0;0;0
1;0;0;11010;319;32;90;0;0;0;0;0;0;0;0;0;0;0;0
0;0;1;10160;437;-40;-21;0;0;0;0;0;0;0;0;0;0;0;0
0;0;1;372380;1264;-26;-9;0;0;0;0;0;0;0;0;0;0;0;0
0;2;1;63410;767;57;21;2;1;1;0;0;0;0;0;0;600;600;0
0;1;1;25480;429;-14;2;0;0;0;0;0;0;0;0;0;0;0;0
0;1;0;20840;52;-14;-3;0;0;0;0;0;0;0;0;0;0;0;0
1;0;1;609620;2344;11;-22;0;2;2;0;0;0;0;0;0;900;500;1
0;0;1;2196220;3848;62;51;0;3;1;2;0;0;0;0;0;8500;4000;0
0;0;0;6530;38;-72;-92;0;1;1;0;0;0;0;0;0;100;100;0
0;1;0;5940;182;-41;-21;0;0;0;0;0;0;0;0;0;0;0;0
1;1;1;19760;328;-42;-43;0;0;0;0;0;0;0;0;0;0;0;0
0;0;0;2070;14;-23;-65;0;0;0;0;0;0;0;0;0;0;0;0
0;1;1;48110;433;92;-13;0;0;0;0;0;0;0;0;0;0;0;0
1;0;1;24400;352;-10;-25;0;1;0;1;0;0;0;0;0;2000;2000;0
1;0;1;568200;1834;-16;-7;0;4;2;1;1;0;0;0;0;32700;30000;1
0;0;1;26550;330;-17;-23;0;2;1;1;0;0;0;0;0;1700;1000;0
1;0;1;76560;586;-47;-41;0;5;1;4;0;0;0;0;0;9500;4000;0
1;1;0;11040;316;191;181;0;0;0;0;0;0;0;0;0;0;0;0
0;0;0;12620;37;16;-8;0;0;0;0;0;0;0;0;0;0;0;0
0;1;0;6690;163;-3;0;0;0;0;0;0;0;0;0;0;0;0;0
1;0;1;347400;1684;-28;-22;0;2;0;1;1;0;0;0;0;31000;30000;0
1;0;1;9140;335;-69;-25;0;0;0;0;0;0;0;0;0;0;0;0
0;1;0;21730;56;37;18;0;0;0;0;0;0;0;0;0;0;0;0
0;1;1;12600;266;-60;-47;0;0;0;0;0;0;0;0;0;0;0;0
1;1;1;59300;690;53;70;0;6;1;5;0;0;0;0;0;25700;8000;0
0;0;0;23440;514;151;59;0;1;0;1;0;0;0;0;0;8000;8000;0
0;0;1;46170;404;53;45;0;1;1;0;0;0;0;0;0;700;700;0
1;0;1;20660;400;-34;-11;0;1;1;0;0;0;0;0;0;400;400;0
0;0;0;2520;83;-85;-75;0;0;0;0;0;0;0;0;0;0;0;0
0;0;0;58850;236;-73;-74;0;0;0;0;0;0;0;0;0;0;0;0
1;0;1;7240;164;-51;-57;0;0;0;0;0;0;0;0;0;0;0;0
0;1;0;18800;67;-51;-23;0;0;0;0;0;0;0;0;0;0;0;0
1;1;1;64490;755;120;55;0;0;0;0;0;0;0;0;0;0;0;0
0;1;1;16640;407;38;35;1;0;0;0;0;0;0;0;0;0;0;0
0;0;1;298230;916;9;-2;0;0;0;0;0;0;0;0;0;0;0;0
0;1;1;18830;201;-23;-52;0;0;0;0;0;0;0;0;0;0;0;0
1;0;1;37670;488;19;-41;0;0;0;0;0;0;0;0;0;0;0;0
0;1;1;576200;1558;15;-22;0;6;3;3;0;0;0;0;0;21300;8000;1
0;0;0;22470;307;98;26;0;1;1;0;0;0;0;0;0;300;300;0
0;0;0;14810;45;41;12;0;0;0;0;0;0;0;0;0;0;0;0
1;0;1;44960;1172;115;88;0;1;1;0;0;0;0;0;0;200;200;0
1;0;1;26300;520;-9;6;0;1;0;1;0;0;0;0;0;7000;7000;0
0;0;0;9430;44;-50;-17;0;0;0;0;0;0;0;0;0;0;0;0
0;0;0;4310;172;-30;9;0;0;0;0;0;0;0;0;0;0;0;0
1;1;0;4690;126;-55;-65;1;0;0;0;0;0;0;0;0;0;0;0
1;1;0;12480;260;0;4;0;0;0;0;0;0;0;0;0;0;0;0
1;0;0;4380;134;-60;-31;0;0;0;0;0;0;0;0;0;0;0;0
1;1;1;31610;860;10;12;0;0;0;0;0;0;0;0;0;0;0;0
1;0;1;40250;451;91;91;0;4;3;1;0;0;0;0;0;2900;2000;0
1;2;1;45020;936;-1;35;1;1;0;1;0;0;0;0;0;1000;1000;0
0;0;0;39770;870;218;248;0;0;0;0;0;0;0;0;0;0;0;0
0;0;0;2970;19;0;-52;0;0;0;0;0;0;0;0;0;0;0;0
0;0;1;10100;295;-35;16;0;0;0;0;0;0;0;0;0;0;0;0
0;1;1;22130;390;-10;-7;0;2;1;0;1;0;0;0;0;30300;30000;0
0;1;1;28780;1294;-18;26;0;0;0;0;0;0;0;0;0;0;0;0
0;1;1;37820;347;16;24;0;3;2;1;0;0;0;0;0;4000;3000;0
0;0;1;31590;377;175;74;0;0;0;0;0;0;0;0;0;0;0;0
0;0;1;16320;297;-45;-41;0;0;0;0;0;0;0;0;0;0;0;0
1;1;1;47370;1333;62;71;1;0;0;0;0;0;0;0;0;0;0;0
0;0;1;11440;505;0;81;0;0;0;0;0;0;0;0;0;0;0;0
0;0;0;18890;386;102;19;0;1;1;0;0;0;0;0;0;400;400;0
0;0;0;53320;203;-31;-39;0;1;0;1;0;0;0;0;0;4000;4000;0
1;0;0;11190;245;10;31;0;0;0;0;0;0;0;0;0;0;0;0
0;0;1;95020;859;-20;-25;0;1;1;0;0;0;0;0;0;600;600;0
1;0;1;16170;414;-37;6;0;0;0;0;0;0;0;0;0;0;0;0
1;0;1;29370;694;0;40;0;0;0;0;0;0;0;0;0;0;0;0
1;1;1;44410;1113;-12;52;0;1;0;1;0;0;0;0;0;4000;4000;0
0;0;1;34900;946;6;76;0;1;0;1;0;0;0;0;0;4000;4000;0
0;0;1;9940;226;-49;-32;0;1;1;0;0;0;0;0;0;500;500;0
0;0;1;20250;157;-41;-39;0;4;3;1;0;0;0;0;0;2600;1000;1
1;0;1;58850;679;113;-20;0;3;3;0;0;0;0;0;0;1300;800;1
0;1;0;24550;62;44;23;0;0;0;0;0;0;0;0;0;0;0;0
0;1;1;37810;238;26;23;0;6;5;1;0;0;0;0;0;5400;2000;0
0;0;0;18040;317;95;43;0;0;0;0;0;0;0;0;0;0;0;0
1;1;1;924910;1869;-14;-19;0;0;0;0;0;0;0;0;0;0;0;0
0;1;1;38430;406;54;-10;0;0;0;0;0;0;0;0;0;0;0;0
0;0;1;33900;682;7;29;0;0;0;0;0;0;0;0;0;0;0;0
1;1;1;31160;623;-6;20;0;1;1;0;0;0;0;0;0;400;400;0
0;0;0;920;9;-65;-78;0;0;0;0;0;0;0;0;0;0;0;0
0;1;1;52020;576;108;15;0;1;1;0;0;0;0;0;0;100;100;0
1;1;1;46640;1439;88;116;0;0;0;0;0;0;0;0;0;0;0;1
0;1;0;10520;72;46;1;0;1;0;1;0;0;0;0;0;5000;5000;0
0;2;1;52680;985;33;60;2;1;0;1;0;0;0;0;0;3000;3000;0
0;1;1;14980;267;-7;9;0;0;0;0;0;0;0;0;0;0;0;0
0;0;1;481630;1678;-10;17;0;0;0;0;0;0;0;0;0;0;0;0
0;1;0;21510;290;72;16;0;1;0;1;0;0;0;0;0;3000;3000;0
1;1;1;127770;1141;7;24;0;4;2;1;1;0;0;0;0;44400;40000;0
0;0;0;219070;475;15;-4;0;0;0;0;0;0;0;0;0;0;0;0
1;0;1;20860;470;180;131;0;0;0;0;0;0;0;0;0;0;0;1
0;1;1;16940;455;-1;6;0;1;0;0;1;0;0;0;0;30000;30000;0
1;1;1;21060;588;-37;-36;1;0;0;0;0;0;0;0;0;0;0;1
1;2;0;18900;208;-81;-67;0;1;0;1;0;0;0;0;0;3000;3000;0
1;0;1;134890;1411;-10;9;0;1;0;1;0;0;0;0;0;6000;6000;1
1;0;1;9050;436;-10;1;0;0;0;0;0;0;0;0;0;0;0;0
0;0;0;3310;17;33;-58;0;0;0;0;0;0;0;0;0;0;0;0
0;0;0;3110;23;6;-42;0;0;0;0;0;0;0;0;0;0;0;0
0;0;0;218630;645;-11;14;0;1;0;1;0;0;0;0;0;3000;3000;0
1;0;1;13960;293;-12;12;0;1;0;0;1;0;0;0;0;30000;30000;0
1;1;1;54610;527;95;84;0;6;1;5;0;0;0;0;0;14700;4000;1
0;1;1;32660;290;31;-42;0;0;0;0;0;0;0;0;0;0;0;0
1;1;1;48020;688;61;33;0;0;0;0;0;0;0;0;0;0;0;0
0;0;0;720;2;-62;-95;0;0;0;0;0;0;0;0;0;0;0;0
0;1;1;19810;364;-34;-12;0;0;0;0;0;0;0;0;0;0;0;0
0;1;0;10070;243;-6;0;0;0;0;0;0;0;0;0;0;0;0;0
1;0;1;19220;149;-34;-33;0;6;2;4;0;0;0;0;0;10700;5000;0
0;0;1;9840;421;-43;-28;0;0;0;0;0;0;0;0;0;0;0;0
1;1;0;32600;880;224;153;0;2;1;0;1;0;0;0;0;60500;60000;0
1;1;1;58100;1267;161;113;0;1;1;0;0;0;0;0;0;300;300;0
1;1;1;93190;439;82;-53;0;4;1;2;1;0;0;0;0;81400;70000;0
0;0;1;159910;2345;12;23;0;3;1;2;0;0;0;0;0;4400;3000;0
0;0;0;5280;232;-43;5;0;0;0;0;0;0;0;0;0;0;0;0
0;1;0;49910;208;61;61;0;1;0;1;0;0;0;0;0;3000;3000;0
1;1;1;41230;487;152;70;0;1;1;0;0;0;0;0;0;400;400;0
0;1;1;147570;259;-30;-31;0;3;2;1;0;0;0;0;0;2000;1000;0
0;0;0;19560;659;123;121;0;1;1;0;0;0;0;0;0;700;700;0
1;1;1;44640;743;58;54;0;0;0;0;0;0;0;0;0;0;0;0
1;1;1;21070;266;-19;-45;0;0;0;0;0;0;0;0;0;0;0;0
1;0;1;33760;568;-7;35;0;3;1;1;1;0;0;0;0;81500;80000;0
0;1;0;12270;24;-52;-62;0;0;0;0;0;0;0;0;0;0;0;0
1;0;1;12870;364;-57;-26;0;0;0;0;0;0;0;0;0;0;0;0
0;0;0;9990;118;17;-56;0;1;0;1;0;0;0;0;0;1000;1000;0
0;1;1;273200;2387;89;71;0;2;1;1;0;0;0;0;0;3400;3000;0
1;1;1;47600;763;78;68;0;0;0;0;0;0;0;0;0;0;0;0
0;1;0;2960;49;-62;-34;0;0;0;0;0;0;0;0;0;0;0;0
0;1;0;9870;363;8;16;0;1;0;1;0;0;0;0;0;8000;8000;0
0;1;0;51620;186;51;34;0;1;0;1;0;0;0;0;0;7000;7000;0
1;1;0;48590;134;28;84;1;1;0;0;1;0;0;0;0;20000;20000;0
0;1;0;12260;413;31;32;0;1;1;0;0;0;0;0;0;200;200;0
0;0;1;26400;510;13;9;0;0;0;0;0;0;0;0;0;0;0;0
1;1;0;10690;367;182;227;0;0;0;0;0;0;0;0;0;0;0;0
1;1;1;25930;631;70;43;1;0;0;0;0;0;0;0;0;0;0;0
1;1;0;11330;204;9;-46;1;0;0;0;0;0;0;0;0;0;0;0
0;1;1;211440;403;24;38;0;4;2;2;0;0;0;0;0;7300;4000;0
1;2;1;57440;538;27;-23;1;0;0;0;0;0;0;0;0;0;0;0
1;1;1;32500;873;97;90;1;1;1;0;0;0;0;0;0;300;300;0
0;0;1;18850;215;-13;-43;0;0;0;0;0;0;0;0;0;0;0;0
0;1;1;69240;857;142;73;0;0;0;0;0;0;0;0;0;0;0;0
1;0;1;428740;2031;-44;-5;0;1;0;1;0;0;0;0;0;4000;4000;0
0;0;0;4350;22;48;-45;0;0;0;0;0;0;0;0;0;0;0;0
1;1;1;23260;746;27;48;1;0;0;0;0;0;0;0;0;0;0;0
1;0;1;52990;483;54;39;0;5;3;0;2;0;0;0;0;71300;50000;0
0;0;1;32220;513;-8;-6;0;2;1;1;0;0;0;0;0;2300;2000;0
1;0;1;172250;1250;-43;-50;0;2;0;1;1;0;0;0;0;73000;70000;0
1;0;1;507230;2116;-21;-40;0;1;0;1;0;0;0;0;0;3000;3000;0
1;1;1;834760;2307;37;18;0;4;0;2;2;0;0;0;0;54000;30000;0
1;1;0;12520;184;0;-26;0;0;0;0;0;0;0;0;0;0;0;0
1;0;1;56060;600;140;27;0;0;0;0;0;0;0;0;0;0;0;0
1;1;0;10600;268;2;-29;1;0;0;0;0;0;0;0;0;0;0;0
1;0;0;6780;112;-33;-40;0;0;0;0;0;0;0;0;0;0;0;0
1;1;1;1547010;3060;55;38;0;3;1;2;0;0;0;0;0;6500;4000;0
0;2;1;51740;847;28;33;2;1;1;0;0;0;0;0;0;200;200;0
0;2;1;34360;730;10;39;2;0;0;0;0;0;0;0;0;0;0;0
0;2;0;25050;678;227;186;2;0;0;0;0;0;0;0;0;0;0;0
0;0;0;8320;213;9;-10;0;0;0;0;0;0;0;0;0;0;0;0
0;0;0;25280;158;-54;-35;0;1;0;1;0;0;0;0;0;4000;4000;0
0;0;0;4030;262;-61;-24;0;0;0;0;0;0;0;0;0;0;0;0
1;1;1;19430;453;5;-8;0;1;1;0;0;0;0;0;0;600;600;0
0;0;0;13160;46;-71;-76;0;0;0;0;0;0;0;0;0;0;0;0
1;1;0;12780;376;23;-1;1;0;0;0;0;0;0;0;0;0;0;0
0;0;1;20570;346;-7;-6;0;0;0;0;0;0;0;0;0;0;0;0
0;0;0;17700;174;-81;-81;0;1;0;1;0;0;0;0;0;2000;2000;0
1;0;1;52120;695;66;55;0;1;0;1;0;0;0;0;0;2000;2000;0
0;0;1;285750;791;1;-19;0;0;0;0;0;0;0;0;0;0;0;0
0;0;0;18790;322;101;0;0;0;0;0;0;0;0;0;0;0;0;0
1;0;0;4340;129;-51;-31;0;0;0;0;0;0;0;0;0;0;0;0
0;1;1;29160;435;-2;-1;0;0;0;0;0;0;0;0;0;0;0;0
1;0;1;10000;208;-62;-49;0;1;1;0;0;0;0;0;0;500;500;0
1;0;0;10820;524;16;75;0;0;0;0;0;0;0;0;0;0;0;0
0;1;1;436650;1232;23;6;0;0;0;0;0;0;0;0;0;0;0;0
0;0;1;45940;702;67;45;0;0;0;0;0;0;0;0;0;0;0;0
1;1;1;19680;288;121;37;1;0;0;0;0;0;0;0;0;0;0;1
0;0;1;6020;129;-71;-64;0;0;0;0;0;0;0;0;0;0;0;0
0;1;1;43030;625;50;26;0;1;1;0;0;0;0;0;0;300;300;0
1;0;1;71660;532;-78;-74;0;2;1;1;0;0;0;0;0;2800;2000;0
1;0;1;27480;441;-21;-18;0;1;0;1;0;0;0;0;0;4000;4000;0
1;0;1;23170;354;-28;-19;0;1;1;0;0;0;0;0;0;600;600;0
0;0;0;2960;108;-76;-57;0;0;0;0;0;0;0;0;0;0;0;0
0;0;1;11610;315;-21;3;0;0;0;0;0;0;0;0;0;0;0;0
0;1;1;48820;446;57;75;1;5;4;1;0;0;0;0;0;3900;2000;0
1;1;1;44010;961;167;109;1;1;1;0;0;0;0;0;0;500;500;0
1;1;1;63800;2116;88;121;1;0;0;0;0;0;0;0;0;0;0;0
0;0;0;5470;237;-56;-5;0;0;0;0;0;0;0;0;0;0;0;0
0;1;1;45450;491;63;2;0;1;1;0;0;0;0;0;0;400;400;0
0;1;0;8060;57;-81;-86;0;1;0;1;0;0;0;0;0;3000;3000;0
0;0;0;3100;22;4;-45;0;0;0;0;0;0;0;0;0;0;0;0
0;0;1;38560;741;237;166;0;1;0;1;0;0;0;0;0;7000;7000;0
0;1;0;18400;46;-68;-60;0;0;0;0;0;0;0;0;0;0;0;0
0;0;0;12400;313;9;28;0;0;0;0;0;0;0;0;0;0;0;0
0;0;0;8380;234;-9;6;0;0;0;0;0;0;0;0;0;0;0;0
1;0;1;79790;1419;39;80;0;3;2;0;1;0;0;0;0;21200;20000;0
0;1;1;362360;575;122;93;1;4;2;2;0;0;0;0;0;10400;7000;0
0;1;1;14180;348;-24;-44;0;0;0;0;0;0;0;0;0;0;0;0
0;1;0;6340;18;10;-70;0;2;1;1;0;0;0;0;0;9300;9000;0
1;0;0;4140;111;-59;-41;0;0;0;0;0;0;0;0;0;0;0;0
0;0;1;78430;455;12;8;0;5;1;3;0;1;0;0;0;207900;200000;0
0;1;1;1514120;1518;28;12;0;3;2;1;0;0;0;0;0;1900;1000;1
0;0;1;40350;645;24;5;0;0;0;0;0;0;0;0;0;0;0;0
0;1;1;12980;436;-13;16;1;0;0;0;0;0;0;0;0;0;0;0
0;1;1;1127430;3031;58;90;0;1;1;0;0;0;0;0;0;300;300;0
0;0;0;8850;361;-12;4;0;0;0;0;0;0;0;0;0;0;0;0
0;0;0;590;11;-74;-72;0;0;0;0;0;0;0;0;0;0;0;0
0;1;0;11140;295;4;22;0;0;0;0;0;0;0;0;0;0;0;0
1;0;0;55350;246;-65;-61;0;1;0;1;0;0;0;0;0;3000;3000;0
1;0;1;65490;735;60;72;0;3;0;2;1;0;0;0;0;72000;60000;0
0;0;1;10360;131;76;-49;0;0;0;0;0;0;0;0;0;0;0;0
1;0;1;734930;2062;-29;1;0;2;1;1;0;0;0;0;0;4800;4000;0
1;0;1;18420;255;-21;-46;0;0;0;0;0;0;0;0;0;0;0;0
0;0;0;7460;240;-28;-32;0;0;0;0;0;0;0;0;0;0;0;0
0;0;0;22300;55;2;17;0;0;0;0;0;0;0;0;0;0;0;0
0;1;0;58230;279;8;27;0;0;0;0;0;0;0;0;0;0;0;0
0;0;0;4720;26;73;-35;0;0;0;0;0;0;0;0;0;0;0;0
1;0;1;46520;1587;25;52;0;0;0;0;0;0;0;0;0;0;0;0
0;0;1;106610;546;26;43;0;6;2;4;0;0;0;0;0;20800;7000;1
1;1;0;9530;178;-24;-29;0;0;0;0;0;0;0;0;0;0;0;0
0;1;1;36940;439;45;-1;0;0;0;0;0;0;0;0;0;0;0;0
1;1;1;36430;500;-31;-16;0;2;0;1;1;0;0;0;0;94000;90000;0
0;0;1;259110;1409;-11;46;0;1;1;0;0;0;0;0;0;900;900;0
1;1;1;13740;218;-55;-42;0;0;0;0;0;0;0;0;0;0;0;1
0;1;1;26800;306;-44;-26;0;1;0;0;1;0;0;0;0;10000;10000;0
0;0;1;26800;657;54;13;0;0;0;0;0;0;0;0;0;0;0;0
0;0;0;2410;39;-52;-24;0;0;0;0;0;0;0;0;0;0;0;0
0;1;1;23040;392;-10;-22;0;0;0;0;0;0;0;0;0;0;0;0
0;0;0;28460;117;-45;-45;0;0;0;0;0;0;0;0;0;0;0;0
0;0;0;46020;267;-18;6;0;1;0;1;0;0;0;0;0;5000;5000;0
0;0;0;16410;32;51;-20;0;0;0;0;0;0;0;0;0;0;0;0
0;1;1;19340;218;18;-19;0;1;0;1;0;0;0;0;0;3000;3000;0
1;1;1;15060;618;-17;29;0;0;0;0;0;0;0;0;0;0;0;0
1;1;0;25390;861;176;182;1;0;0;0;0;0;0;0;0;0;0;0
0;1;1;17000;336;1;28;0;0;0;0;0;0;0;0;0;0;0;0
0;0;1;37640;596;37;58;0;0;0;0;0;0;0;0;0;0;0;0
0;2;1;151920;1132;255;71;1;2;1;0;1;0;0;0;0;20300;20000;0
0;0;0;9260;266;-23;8;0;0;0;0;0;0;0;0;0;0;0;0
0;1;1;10220;434;-45;-14;0;0;0;0;0;0;0;0;0;0;0;0
0;0;0;11800;185;63;14;0;0;0;0;0;0;0;0;0;0;0;0
1;1;1;18580;121;-31;-59;0;2;2;0;0;0;0;0;0;1200;800;0
1;1;0;23880;488;-4;-22;0;0;0;0;0;0;0;0;0;0;0;0
1;0;1;17170;356;-46;-19;0;1;1;0;0;0;0;0;0;500;500;0
0;0;0;32070;138;-36;-23;0;0;0;0;0;0;0;0;0;0;0;0
1;1;0;13330;443;29;26;0;0;0;0;0;0;0;0;0;0;0;0
0;1;0;15050;52;-61;-38;0;0;0;0;0;0;0;0;0;0;0;0
0;0;1;1988970;3697;78;57;0;0;0;0;0;0;0;0;0;0;0;0
0;0;1;12740;203;-33;-39;0;0;0;0;0;0;0;0;0;0;0;0
0;0;0;6160;258;-46;6;0;0;0;0;0;0;0;0;0;0;0;0
0;0;0;26780;345;18;94;0;0;0;0;0;0;0;0;0;0;0;0
0;0;1;172290;437;-57;-55;0;1;1;0;0;0;0;0;0;600;600;0
0;0;0;1920;32;-29;-20;0;0;0;0;0;0;0;0;0;0;0;0
0;1;0;11150;201;11;-12;0;0;0;0;0;0;0;0;0;0;0;0
0;0;0;1650;46;-37;15;0;0;0;0;0;0;0;0;0;0;0;0
0;1;1;20160;262;-40;-39;0;3;3;0;0;0;0;0;0;1600;800;0
0;0;0;7330;102;5;-42;0;0;0;0;0;0;0;0;0;0;0;0
0;1;1;9450;209;-63;-59;0;0;0;0;0;0;0;0;0;0;0;0
0;0;0;8960;28;-71;-51;0;0;0;0;0;0;0;0;0;0;0;0
1;1;0;6660;153;-35;-58;1;0;0;0;0;0;0;0;0;0;0;0
0;1;0;8070;404;270;278;0;0;0;0;0;0;0;0;0;0;0;0
0;0;0;1820;55;-34;38;0;0;0;0;0;0;0;0;0;0;0;0
0;0;1;8380;47;-78;-85;0;1;0;1;0;0;0;0;0;6000;6000;0
0;1;1;58570;481;110;0;0;1;1;0;0;0;0;0;0;400;400;0
1;1;0;30840;1022;235;235;1;0;0;0;0;0;0;0;0;0;0;0
0;0;1;29240;217;-71;-85;0;2;0;2;0;0;0;0;0;8000;5000;0
1;0;1;19520;211;-2;6;0;2;1;1;0;0;0;0;0;3200;3000;1
0;0;1;23650;212;34;-33;0;2;2;0;0;0;0;0;0;1100;700;0
1;1;1;22450;568;47;29;1;0;0;0;0;0;0;0;0;0;0;0
0;0;0;10330;35;-11;-32;0;0;0;0;0;0;0;0;0;0;0;0
0;0;0;1380;56;-49;40;0;0;0;0;0;0;0;0;0;0;0;0
1;0;0;7460;189;-31;-2;0;0;0;0;0;0;0;0;0;0;0;0
0;0;0;50580;134;15;-18;0;0;0;0;0;0;0;0;0;0;0;0
0;1;1;61770;1062;31;90;0;6;2;4;0;0;0;0;0;10800;6000;1
1;0;1;16320;454;23;17;0;0;0;0;0;0;0;0;0;0;0;0
1;0;1;39120;651;13;18;0;2;2;0;0;0;0;0;0;1000;900;0
0;1;1;32110;427;9;2;0;1;1;0;0;0;0;0;0;200;200;0
1;0;1;54980;544;66;24;0;2;1;1;0;0;0;0;0;1400;1000;0
0;1;0;12520;321;37;3;0;0;0;0;0;0;0;0;0;0;0;0
1;1;1;17290;278;-30;-39;1;1;0;1;0;0;0;0;0;4000;4000;0
0;0;0;590;11;-74;-72;0;0;0;0;0;0;0;0;0;0;0;0
0;0;1;42140;525;187;72;0;1;0;1;0;0;0;0;0;5000;5000;0
1;0;1;27810;499;-17;-9;0;0;0;0;0;0;0;0;0;0;0;0
0;0;1;28350;467;-19;-15;0;0;0;0;0;0;0;0;0;0;0;0
0;0;1;38230;835;61;63;0;0;0;0;0;0;0;0;0;0;0;0
0;0;1;48390;532;104;16;0;0;0;0;0;0;0;0;0;0;0;0
0;0;1;63760;195;-73;-65;0;0;0;0;0;0;0;0;0;0;0;0
0;1;1;16980;451;-30;-38;0;0;0;0;0;0;0;0;0;0;0;0
0;0;0;6260;98;-26;-42;0;0;0;0;0;0;0;0;0;0;0;0
1;0;0;4400;120;-57;-36;0;0;0;0;0;0;0;0;0;0;0;0
0;0;0;12560;469;0;88;0;0;0;0;0;0;0;0;0;0;0;0
0;0;0;6880;250;-43;1;0;0;0;0;0;0;0;0;0;0;0;0
1;1;1;45650;664;55;34;1;0;0;0;0;0;0;0;0;0;0;0
1;0;1;13460;229;-11;-25;0;0;0;0;0;0;0;0;0;0;0;0
1;1;1;38590;716;32;47;0;0;0;0;0;0;0;0;0;0;0;0
0;0;0;23220;112;-53;-45;0;0;0;0;0;0;0;0;0;0;0;0
1;0;1;16240;673;22;74;0;0;0;0;0;0;0;0;0;0;0;0
1;0;1;40880;519;12;40;0;1;1;0;0;0;0;0;0;600;600;0
1;0;0;23670;721;153;140;0;1;1;0;0;0;0;0;0;300;300;0
0;0;1;17750;151;-49;-48;0;1;1;0;0;0;0;0;0;400;400;0
0;0;0;13780;289;28;20;0;0;0;0;0;0;0;0;0;0;0;0
0;0;0;22480;508;227;195;0;0;0;0;0;0;0;0;0;0;0;0
0;0;0;41120;132;-21;-43;0;0;0;0;0;0;0;0;0;0;0;0
1;0;1;16450;141;-47;-40;0;3;2;1;0;0;0;0;0;3800;3000;0
0;0;0;2390;50;-73;-77;0;0;0;0;0;0;0;0;0;0;0;0
0;0;0;6700;347;-36;-7;0;0;0;0;0;0;0;0;0;0;0;0
1;0;0;10020;370;0;6;0;0;0;0;0;0;0;0;0;0;0;0
0;1;0;6010;329;-36;5;0;0;0;0;0;0;0;0;0;0;0;0
1;1;1;13600;215;-60;-29;1;2;1;1;0;0;0;0;0;3600;3000;0
1;0;1;78580;1327;147;60;0;1;0;0;1;0;0;0;0;40000;40000;0
0;0;1;161390;314;49;65;0;0;0;0;0;0;0;0;0;0;0;0
1;0;1;27960;804;95;94;0;0;0;0;0;0;0;0;0;0;0;0
0;0;1;26620;356;-18;-15;0;0;0;0;0;0;0;0;0;0;0;0
0;0;0;6760;136;-41;-39;0;1;0;1;0;0;0;0;0;1000;1000;0
0;0;1;28600;601;120;130;0;0;0;0;0;0;0;0;0;0;0;0
1;1;1;58460;540;73;1;0;2;1;1;0;0;0;0;0;3900;3000;1
0;0;0;3160;73;-75;-70;0;0;0;0;0;0;0;0;0;0;0;0
0;0;1;9710;248;-72;-57;0;0;0;0;0;0;0;0;0;0;0;0
0;0;0;3540;186;62;74;0;0;0;0;0;0;0;0;0;0;0;0
0;1;0;13060;81;96;-18;0;0;0;0;0;0;0;0;0;0;0;0
0;1;1;21000;483;40;28;1;1;1;0;0;0;0;0;0;200;200;0
0;0;0;8690;262;-6;18;0;0;0;0;0;0;0;0;0;0;0;0
0;1;1;39970;831;196;147;1;0;0;0;0;0;0;0;0;0;0;0
0;0;1;29320;526;125;101;0;1;0;0;1;0;0;0;0;90000;90000;0
1;1;1;45330;648;72;40;1;2;2;0;0;0;0;0;0;900;600;1
0;0;0;7040;37;-8;-26;0;2;1;1;0;0;0;0;0;5500;5000;0
0;0;0;4400;67;-64;-71;0;0;0;0;0;0;0;0;0;0;0;0
0;1;1;45560;591;79;33;0;0;0;0;0;0;0;0;0;0;0;0
1;0;1;379670;1456;-21;-45;0;2;0;0;2;0;0;0;0;40000;20000;0
1;0;1;41060;555;30;27;0;0;0;0;0;0;0;0;0;0;0;0
0;0;1;20760;324;41;6;0;1;1;0;0;0;0;0;0;400;400;1
0;0;1;788230;1484;-1;-1;0;0;0;0;0;0;0;0;0;0;0;0
0;0;0;6980;85;0;-49;0;0;0;0;0;0;0;0;0;0;0;0
0;0;0;3120;190;-75;-24;0;0;0;0;0;0;0;0;0;0;0;0
0;0;1;17220;529;-50;-41;0;0;0;0;0;0;0;0;0;0;0;0
1;1;1;134070;1283;357;159;1;0;0;0;0;0;0;0;0;0;0;0
0;0;0;39890;66;69;39;0;1;1;0;0;0;0;0;0;400;400;0
1;1;1;30150;691;13;52;0;0;0;0;0;0;0;0;0;0;0;0
1;0;1;17200;262;47;14;0;0;0;0;0;0;0;0;0;0;0;0
0;0;0;2840;115;18;-1;0;0;0;0;0;0;0;0;0;0;0;0
1;1;1;75890;1742;315;245;1;1;0;1;0;0;0;0;0;1000;1000;0
0;1;1;73180;488;11;20;0;5;3;2;0;0;0;0;0;9600;6000;0
0;1;0;4520;50;-82;-80;0;0;0;0;0;0;0;0;0;0;0;0
0;1;1;107250;168;43;-8;0;0;0;0;0;0;0;0;0;0;0;0
0;0;0;3390;13;55;-68;0;0;0;0;0;0;0;0;0;0;0;0
1;1;1;31620;208;-64;-45;0;2;1;0;1;0;0;0;0;40400;40000;1
0;1;1;698810;1279;-11;-14;0;3;0;3;0;0;0;0;0;8000;4000;0
0;0;0;7590;20;-31;-50;0;0;0;0;0;0;0;0;0;0;0;0
1;1;1;24490;1079;10;82;0;0;0;0;0;0;0;0;0;0;0;0
0;0;1;17860;200;-44;-50;0;2;1;1;0;0;0;0;0;4200;4000;0
1;0;1;380320;1545;-40;-24;0;4;1;2;1;0;0;0;0;30900;20000;1
0;1;1;67360;1525;139;135;1;2;1;0;1;0;0;0;0;80200;80000;0
1;1;1;37590;1115;146;153;1;1;0;0;1;0;0;0;0;40000;40000;0
0;0;0;4120;23;-67;-52;0;0;0;0;0;0;0;0;0;0;0;0
1;1;1;26990;769;-20;-24;0;0;0;0;0;0;0;0;0;0;0;0
1;1;1;15760;570;-40;23;1;1;1;0;0;0;0;0;0;300;300;0
0;0;0;28020;51;12;-14;0;0;0;0;0;0;0;0;0;0;0;0
1;0;1;11550;152;-49;-60;0;1;1;0;0;0;0;0;0;100;100;0
0;0;0;30130;82;65;57;0;3;3;0;0;0;0;0;0;500;200;0
0;0;0;850;6;-85;-90;0;0;0;0;0;0;0;0;0;0;0;0
0;0;1;25630;423;-24;-21;0;0;0;0;0;0;0;0;0;0;0;0
0;1;0;5250;66;-49;36;0;0;0;0;0;0;0;0;0;0;0;0
0;0;0;12070;296;0;20;0;1;1;0;0;0;0;0;0;100;100;0
0;2;1;34900;798;-12;30;2;0;0;0;0;0;0;0;0;0;0;0
0;1;1;12430;187;-32;-41;0;0;0;0;0;0;0;0;0;0;0;0
1;0;1;26170;388;23;-19;0;0;0;0;0;0;0;0;0;0;0;0
1;0;1;15740;222;4;-27;0;1;0;1;0;0;0;0;0;6000;6000;0
0;0;1;261010;1352;-38;-19;0;2;1;1;0;0;0;0;0;3700;3000;1
1;0;1;166220;1762;7;20;0;0;0;0;0;0;0;0;0;0;0;1
0;0;0;5440;126;-18;-28;0;1;1;0;0;0;0;0;0;300;300;0
1;0;1;320110;1844;54;35;0;2;1;0;1;0;0;0;0;20600;20000;1
0;0;1;19570;153;-36;-21;0;1;1;0;0;0;0;0;0;700;700;0
1;0;0;6850;355;191;309;1;0;0;0;0;0;0;0;0;0;0;0
0;1;0;4120;67;-40;-59;0;0;0;0;0;0;0;0;0;0;0;0
0;0;0;3720;43;75;8;0;0;0;0;0;0;0;0;0;0;0;0
1;1;1;15210;527;-64;-56;0;0;0;0;0;0;0;0;0;0;0;0
0;0;1;20500;717;82;157;0;0;0;0;0;0;0;0;0;0;0;0
0;0;1;25650;553;96;115;0;0;0;0;0;0;0;0;0;0;0;0
0;0;1;13070;282;-11;-12;0;0;0;0;0;0;0;0;0;0;0;0
1;0;0;9680;210;-7;-45;0;0;0;0;0;0;0;0;0;0;0;0
1;0;1;32490;595;-7;7;0;0;0;0;0;0;0;0;0;0;0;0
1;0;1;450490;1437;-30;-28;0;6;2;4;0;0;0;0;0;12700;4000;1
0;0;0;280830;689;94;39;0;1;0;1;0;0;0;0;0;3000;3000;0
0;0;0;6010;215;-41;-38;0;0;0;0;0;0;0;0;0;0;0;0
1;1;1;21950;375;-24;-15;0;1;0;1;0;0;0;0;0;2000;2000;0
0;0;1;10080;349;11;40;0;1;0;1;0;0;0;0;0;3000;3000;0
1;0;1;47840;594;106;27;0;0;0;0;0;0;0;0;0;0;0;0
0;0;0;14720;33;-70;-79;0;1;0;1;0;0;0;0;0;2000;2000;0
0;0;0;18410;30;-33;-61;0;0;0;0;0;0;0;0;0;0;0;0
0;0;1;125340;292;35;62;0;0;0;0;0;0;0;0;0;0;0;0
0;0;1;31810;514;27;3;0;1;1;0;0;0;0;0;0;100;100;0
0;0;1;70740;154;-50;-36;0;0;0;0;0;0;0;0;0;0;0;0
1;0;1;65350;1081;18;33;0;0;0;0;0;0;0;0;0;0;0;0
0;0;0;41340;89;42;12;0;0;0;0;0;0;0;0;0;0;0;0
1;0;1;192650;1185;-8;-14;0;4;2;1;1;0;0;0;0;27100;20000;1
0;0;1;10590;256;-19;-2;0;0;0;0;0;0;0;0;0;0;0;0
0;1;1;81410;441;-19;-56;0;3;2;1;0;0;0;0;0;10200;9000;1
0;1;0;24150;364;176;90;0;1;0;1;0;0;0;0;0;5000;5000;0
0;0;0;1980;18;-43;-55;0;0;0;0;0;0;0;0;0;0;0;0
0;2;1;37170;881;-8;39;2;0;0;0;0;0;0;0;0;0;0;0
0;0;1;26660;486;-1;12;0;0;0;0;0;0;0;0;0;0;0;0
1;1;1;45470;573;64;65;0;8;5;2;1;0;0;0;0;33600;20000;0
1;0;1;16830;396;-14;-18;0;0;0;0;0;0;0;0;0;0;0;0
0;1;1;1049580;1807;31;21;0;0;0;0;0;0;0;0;0;0;0;0
1;0;1;38010;410;-10;10;0;1;0;1;0;0;0;0;0;1000;1000;0
0;1;1;19300;509;60;69;1;0;0;0;0;0;0;0;0;0;0;0
0;0;1;92380;514;25;29;0;6;5;1;0;0;0;0;0;4300;2000;0
0;0;1;790830;1434;5;-4;0;2;0;1;1;0;0;0;0;13000;10000;0
1;0;1;47980;382;-26;-32;0;3;1;1;1;0;0;0;0;38600;30000;0
0;0;0;48990;194;-27;-3;0;1;0;1;0;0;0;0;0;4000;4000;0
0;1;1;44800;350;253;52;1;0;0;0;0;0;0;0;0;0;0;0
1;1;0;16930;792;121;234;0;1;1;0;0;0;0;0;0;200;200;1
0;0;0;3510;19;22;-52;0;0;0;0;0;0;0;0;0;0;0;0
1;0;1;632800;2959;39;41;0;2;0;1;1;0;0;0;0;25000;20000;0
1;1;1;18540;896;-55;-22;0;0;0;0;0;0;0;0;0;0;0;0
1;1;0;13040;103;4;-59;0;1;0;1;0;0;0;0;0;3000;3000;0
1;0;1;99010;1360;82;62;0;3;1;2;0;0;0;0;0;4200;2000;1
1;2;1;87250;1048;93;51;1;1;1;0;0;0;0;0;0;500;500;0
1;0;1;71650;1173;-53;-40;0;1;0;1;0;0;0;0;0;7000;7000;0
0;0;0;19260;53;97;32;0;0;0;0;0;0;0;0;0;0;0;0
1;1;1;51910;495;57;73;1;0;0;0;0;0;0;0;0;0;0;0
1;1;1;69390;1107;104;16;1;2;1;1;0;0;0;0;0;3700;3000;0
1;1;1;26880;317;6;-22;0;0;0;0;0;0;0;0;0;0;0;0
1;0;1;108280;2157;190;106;0;2;1;1;0;0;0;0;0;9500;9000;0
1;0;1;12840;350;157;40;0;0;0;0;0;0;0;0;0;0;0;0
1;0;1;167100;1690;-7;-6;0;1;0;1;0;0;0;0;0;7000;7000;1
0;0;0;3040;63;-43;26;0;0;0;0;0;0;0;0;0;0;0;0
0;0;1;93120;1238;-32;-38;0;1;0;1;0;0;0;0;0;2000;2000;0
0;0;0;3960;35;-14;-27;0;1;0;1;0;0;0;0;0;1000;1000;0
0;0;1;21900;370;-27;-28;0;0;0;0;0;0;0;0;0;0;0;0
0;0;1;782750;1593;9;-17;0;2;0;2;0;0;0;0;0;6000;3000;0
0;1;0;14970;409;39;69;0;0;0;0;0;0;0;0;0;0;0;0
1;0;1;28500;446;-1;-1;0;0;0;0;0;0;0;0;0;0;0;0
1;1;0;15210;133;22;-47;0;1;1;0;0;0;0;0;0;700;700;0
0;1;1;254510;417;61;35;0;2;2;0;0;0;0;0;0;500;300;0
0;0;1;36860;681;0;12;0;1;0;1;0;0;0;0;0;3000;3000;0
0;1;1;10730;233;-26;-36;1;0;0;0;0;0;0;0;0;0;0;0
0;0;1;247620;675;4;25;0;1;1;0;0;0;0;0;0;500;500;0
0;1;0;22270;53;-23;-3;0;1;0;1;0;0;0;0;0;4000;4000;0
0;0;0;12760;26;-9;-35;0;0;0;0;0;0;0;0;0;0;0;0
0;0;0;2770;45;-67;-79;0;0;0;0;0;0;0;0;0;0;0;0
1;1;0;10370;134;-44;-6;0;3;1;2;0;0;0;0;0;6300;4000;1
1;1;1;34620;661;18;36;0;0;0;0;0;0;0;0;0;0;0;0
1;0;1;13600;368;-11;20;0;1;1;0;0;0;0;0;0;800;800;0
0;1;1;14830;492;-21;-2;0;0;0;0;0;0;0;0;0;0;0;0
0;0;0;2780;19;8;-52;0;0;0;0;0;0;0;0;0;0;0;0
1;0;1;7340;166;-53;-54;0;0;0;0;0;0;0;0;0;0;0;0
1;0;1;60320;632;159;35;0;1;0;1;0;0;0;0;0;3000;3000;0
0;0;1;31690;656;82;13;0;0;0;0;0;0;0;0;0;0;0;0
0;0;1;18580;753;-7;25;0;0;0;0;0;0;0;0;0;0;0;0
0;0;1;103460;208;-37;-29;0;0;0;0;0;0;0;0;0;0;0;0
1;1;1;29710;473;-18;-20;0;0;0;0;0;0;0;0;0;0;0;0
0;0;1;57200;773;102;66;0;2;0;2;0;0;0;0;0;5000;3000;0
1;1;1;65960;496;164;-1;0;2;1;1;0;0;0;0;0;2200;2000;0
0;0;1;42090;794;30;50;0;2;2;0;0;0;0;0;0;400;200;0
1;1;0;35370;656;41;5;2;1;1;0;0;0;0;0;0;200;200;0
0;0;0;15840;436;27;74;0;0;0;0;0;0;0;0;0;0;0;0
0;0;0;42820;150;28;9;0;1;0;1;0;0;0;0;0;3000;3000;0
1;0;1;18980;247;-16;-34;0;0;0;0;0;0;0;0;0;0;0;0
0;2;1;60300;575;52;-7;2;0;0;0;0;0;0;0;0;0;0;0
0;0;0;100190;303;54;52;0;0;0;0;0;0;0;0;0;0;0;0
0;0;0;11380;290;0;30;0;0;0;0;0;0;0;0;0;0;0;0
0;1;0;7130;105;134;142;1;0;0;0;0;0;0;0;0;0;0;0
0;1;0;72460;150;166;180;1;1;0;1;0;0;0;0;0;1000;1000;0
0;0;1;15380;251;-34;-34;0;0;0;0;0;0;0;0;0;0;0;0
0;0;0;5640;296;-47;-21;0;0;0;0;0;0;0;0;0;0;0;0
0;1;1;67200;945;102;76;0;2;0;1;1;0;0;0;0;12000;10000;0
0;0;1;4150;262;-64;-49;0;0;0;0;0;0;0;0;0;0;0;0
0;0;1;31900;643;-28;-24;0;2;2;0;0;0;0;0;0;1100;700;0
0;1;1;14570;326;-8;-18;0;0;0;0;0;0;0;0;0;0;0;0
0;0;1;42010;601;40;17;0;0;0;0;0;0;0;0;0;0;0;0
0;0;1;7430;196;-70;-61;0;0;0;0;0;0;0;0;0;0;0;0
0;1;1;248900;739;-9;0;1;1;1;0;0;0;0;0;0;400;400;0
0;1;1;20160;243;-47;-36;0;2;1;1;0;0;0;0;0;2700;2000;1
0;1;0;48440;76;86;11;0;0;0;0;0;0;0;0;0;0;0;0
1;0;1;233800;1315;7;-7;0;3;2;0;1;0;0;0;0;20700;20000;0
1;0;1;8610;79;-74;-69;0;1;0;1;0;0;0;0;0;5000;5000;0
0;0;0;4490;177;-60;-49;0;0;0;0;0;0;0;0;0;0;0;0
0;0;0;100;4;-96;-90;0;0;0;0;0;0;0;0;0;0;0;0
0;0;0;1100;6;-66;-85;0;0;0;0;0;0;0;0;0;0;0;0
1;0;1;13390;203;-14;-43;0;0;0;0;0;0;0;0;0;0;0;0
0;1;0;67210;420;-31;-32;0;1;0;1;0;0;0;0;0;4000;4000;0
0;1;1;20260;722;-19;-42;0;0;0;0;0;0;0;0;0;0;0;0
0;0;0;6070;46;14;-9;0;1;0;1;0;0;0;0;0;3000;3000;0
0;0;0;1400;51;-88;-78;0;0;0;0;0;0;0;0;0;0;0;0
0;0;1;34600;389;-13;6;0;4;0;4;0;0;0;0;0;15000;8000;1
0;0;0;77540;174;-75;-73;0;0;0;0;0;0;0;0;0;0;0;0
0;1;0;9350;44;-20;10;0;0;0;0;0;0;0;0;0;0;0;0
1;0;1;34490;594;20;21;0;0;0;0;0;0;0;0;0;0;0;0
0;0;0;117040;328;-57;-45;0;1;0;1;0;0;0;0;0;2000;2000;0
0;1;1;54820;585;-41;-37;0;3;1;2;0;0;0;0;0;5600;3000;0
1;1;1;14190;453;-46;-2;1;0;0;0;0;0;0;0;0;0;0;0
1;0;1;31770;231;2;-3;0;3;1;2;0;0;0;0;0;10400;8000;0
0;1;0;5880;175;-40;-24;0;0;0;0;0;0;0;0;0;0;0;0
0;0;0;2340;19;0;-52;0;0;0;0;0;0;0;0;0;0;0;0
0;1;1;29470;347;-14;22;1;0;0;0;0;0;0;0;0;0;0;0
0;1;0;14390;329;34;36;0;0;0;0;0;0;0;0;0;0;0;0
1;1;1;162810;1768;455;256;2;2;2;0;0;0;0;0;0;700;500;0
